8295
985 100 100 5
885 100 100 5
785 100 100 5
685 100 100 5
585 100 100 5
485 100 100 5
385 100 100 5
285 100 100 5
185 100 100 5
85 100 100 5
55 100 100 1
5 100 100 6
5 100 100 6
5 100 100 7
0 100 100 5
0 100 100 5
0 100 100 5
0 100 100 0
45 85 100 5
5 85 100 7
5 86 100 7
0 88 100 5
5 90 100 6
5 91 100 0
5 76 100 5
0 76 100 5
0 77 100 0
10 62 100 7
5 62 100 6
5 64 100 6
5 66 100 6
0 67 100 0
15 52 100 7
5 53 100 7
0 53 100 0
15 38 100 7
5 39 100 7
5 40 100 0
5 25 100 7
5 25 100 7
0 25 100 0
5 10 100 7
5 11 100 7
5 13 100 0
5 13 100 7
5 15 100 7
45 16 100 0
55 1 100 7
105 1 100 7
120 1 100 0
155 2 100 7
205 4 100 7
235 6 100 5
235 8 100 5
235 10 100 5
235 12 100 5
235 14 100 5
235 16 100 5
235 19 100 5
235 21 100 5
235 23 100 5
235 25 100 5
235 28 100 5
235 30 100 5
235 32 100 5
225 33 100 5
155 36 100 7
105 38 100 7
55 39 100 7
30 42 100 6
30 44 100 6
0 45 100 6
5 47 100 7
5 50 100 7
5 52 100 7
0 54 100 0
5 39 100 7
0 39 100 0
5 39 100 7
5 40 100 7
0 41 100 0
5 26 100 7
0 26 100 0
5 26 100 7
5 29 100 5
5 30 100 6
5 32 100 6
5 34 100 6
5 36 100 0
5 21 100 7
5 21 100 7
10 23 100 6
0 25 100 7
5 28 100 6
5 30 100 6
0 32 100 7
5 32 100 0
0 17 100 7
0 17 100 7
0 18 100 0
0 3 100 7
0 4 100 7
5 4 100 0
0 6 100 7
5 8 100 6
5 10 100 6
5 12 100 6
5 14 100 6
5 16 100 5
5 18 100 6
5 20 100 6
5 22 100 6
5 25 100 6
5 26 100 3
5 6 100 6
5 6 100 7
5 6 100 7
5 6 100 7
5 6 100 7
5 7 100 6
5 9 100 7
5 11 100 0
0 12 100 7
0 14 100 7
0 15 100 0
0 0 100 7
0 0 100 7
5 0 100 0
0 3 100 7
0 5 100 7
0 6 100 0
0 8 100 7
0 10 100 0
5 10 100 7
5 12 100 7
0 15 100 5
0 17 100 5
0 19 100 3
0 19 100 5
0 21 100 7
0 22 100 1
0 24 100 7
0 26 100 7
5 27 100 2
10 28 100 7
25 29 100 7
20 31 83 5
20 33 83 6
65 35 85 6
130 37 66 6
165 39 66 6
190 41 66 6
205 43 66 6
230 45 52 5
180 47 52 5
130 49 32 5
95 50 32 0
85 35 32 5
90 35 32 5
45 37 32 5
40 37 32 0
70 22 33 5
60 23 35 7
70 24 36 0
105 9 37 5
90 9 17 5
90 11 17 5
90 13 17 0
90 13 17 5
90 16 17 5
90 17 18 5
90 19 20 5
90 20 21 0
105 5 22 5
155 5 24 5
165 5 24 0
165 7 26 5
165 9 28 0
165 9 28 5
145 11 30 5
95 13 32 5
45 15 34 5
0 17 36 0
0 2 36 6
0 2 38 6
0 3 40 6
0 5 42 5
50 7 44 6
100 9 46 6
150 11 48 6
200 13 50 6
230 14 51 0
250 14 51 6
270 16 53 7
260 18 55 5
210 20 57 5
160 23 60 5
115 25 62 0
115 10 62 5
115 10 64 5
85 11 66 5
50 12 67 0
35 13 68 5
0 15 70 6
0 15 70 0
0 0 72 6
0 0 73 6
5 2 75 6
55 4 77 6
105 6 79 6
155 8 81 5
105 10 83 5
55 12 85 5
15 14 87 7
15 14 87 0
15 16 89 7
15 18 91 7
15 19 92 0
15 4 93 7
15 4 95 0
15 5 96 7
15 7 98 7
15 8 99 0
15 9 100 7
15 10 100 0
15 11 100 7
15 13 100 7
15 14 100 0
15 15 100 7
15 17 100 7
15 18 100 0
15 3 100 7
15 3 100 7
15 4 100 0
15 5 100 7
15 7 100 7
15 7 100 0
15 9 100 7
15 10 100 7
15 11 100 0
15 12 100 7
15 14 100 7
15 15 100 0
15 0 100 7
15 0 100 7
15 0 100 0
15 2 100 7
15 4 100 7
15 4 100 0
15 6 100 7
15 8 100 7
15 8 100 0
15 10 100 7
15 12 100 0
15 12 100 7
15 14 100 7
15 16 100 0
1040 100 100 5
990 100 100 5
940 100 100 5
890 100 100 5
840 100 100 5
790 100 100 5
740 100 100 5
690 100 100 5
670 100 100 1
640 100 100 5
590 100 100 5
540 100 100 5
490 100 100 5
440 100 100 5
390 100 100 5
340 100 100 5
290 100 100 5
240 100 100 5
190 100 100 5
140 100 100 5
90 100 100 0
90 100 85 5
80 100 85 7
80 100 85 7
80 100 85 7
70 100 86 7
70 100 87 7
70 100 88 7
45 100 89 7
15 100 90 5
35 100 91 6
80 100 92 7
80 100 93 7
80 100 94 7
80 95 100 0
80 100 80 7
80 100 80 7
80 100 80 7
80 100 80 7
55 100 81 7
30 100 82 7
5 100 83 7
20 100 84 7
45 100 85 7
70 100 85 7
95 100 86 7
120 100 87 7
145 100 88 7
170 100 89 7
195 100 90 7
180 100 91 7
155 100 93 7
150 93 100 0
150 100 78 7
150 100 78 7
150 100 78 7
130 100 79 7
105 100 80 7
80 100 81 7
55 100 82 7
45 100 83 2
30 100 83 7
5 100 84 7
20 100 85 7
40 86 100 0
40 100 71 7
40 100 71 7
40 100 71 7
45 100 71 7
70 100 72 7
65 100 73 7
40 100 74 7
15 100 75 7
10 100 76 7
35 100 77 7
60 79 100 0
60 100 64 7
60 100 64 2
60 100 64 7
60 100 64 7
60 100 64 7
35 100 65 7
30 100 65 2
10 100 65 7
15 100 66 7
30 100 67 7
30 100 68 2
30 100 69 7
30 69 100 0
30 100 54 7
30 100 54 7
30 100 54 7
30 100 54 2
30 100 54 7
30 100 55 7
30 100 56 7
30 100 57 7
20 100 58 7
5 100 59 7
30 100 60 7
55 100 61 7
80 100 62 7
105 100 63 7
130 100 65 7
155 100 66 7
130 100 67 7
105 100 68 7
80 100 69 7
60 100 70 7
60 100 70 0
100 85 71 7
100 85 72 7
100 85 72 7
100 85 73 7
100 86 74 7
125 87 75 7
150 88 76 7
175 89 77 7
200 90 78 7
225 91 79 7
250 92 80 7
225 93 81 7
200 94 82 7
175 95 83 7
150 96 84 7
125 97 85 7
110 98 86 7
110 99 87 7
85 100 88 7
60 100 89 7
35 100 90 7
35 100 91 7
35 100 92 7
35 100 92 0
75 85 93 7
80 85 94 7
105 85 95 7
120 85 95 0
130 70 96 7
155 70 96 7
160 70 97 7
135 70 98 0
130 98 55 5
105 99 55 5
80 100 55 5
95 100 55 5
70 100 56 5
45 100 57 5
20 100 58 5
5 100 59 7
20 100 60 7
45 100 61 7
70 100 62 7
55 100 63 5
20 100 64 5
20 64 100 3
30 100 44 6
65 100 44 6
50 100 44 5
25 100 44 5
0 100 44 6
25 100 44 6
50 100 44 6
75 100 44 6
100 100 44 6
125 100 45 6
150 100 46 6
175 100 47 6
200 100 48 6
225 100 50 6
250 100 51 6
275 100 52 6
260 100 52 5
235 100 53 5
210 100 54 5
185 100 55 5
160 100 56 5
135 100 57 5
110 100 58 5
100 100 59 7
100 100 60 7
100 100 61 7
100 100 62 7
100 100 63 7
100 100 64 7
100 100 65 7
100 100 66 7
100 100 67 7
100 100 68 7
100 100 69 7
100 100 70 7
85 100 71 5
60 100 72 5
35 100 73 7
35 100 74 7
35 100 75 7
35 100 77 7
35 100 78 7
50 100 79 6
75 100 80 6
90 100 81 7
90 100 82 7
90 100 83 7
90 100 84 7
90 100 84 7
90 100 86 7
90 100 87 7
90 100 88 7
90 100 90 7
90 100 91 7
90 100 92 7
90 100 93 7
90 100 94 7
90 100 95 7
90 100 96 7
90 100 98 7
90 100 99 7
90 100 100 7
90 100 100 7
90 100 100 7
90 100 100 7
90 100 100 7
90 100 100 7
90 100 100 7
90 100 100 7
90 100 100 7
90 100 100 4
90 100 100 4
90 98 100 4
90 98 100 4
90 98 100 4
90 100 98 7
90 98 100 4
90 98 100 4
90 100 96 7
90 100 98 7
90 100 99 7
90 100 100 7
90 100 100 7
90 100 100 7
90 100 100 7
95 100 100 6
120 100 100 6
125 100 100 4
125 100 100 4
125 100 100 7
125 100 100 4
125 100 100 4
125 98 100 4
125 98 100 4
125 98 100 4
125 100 98 7
125 98 100 4
125 98 100 4
125 100 96 7
125 100 97 7
125 100 98 7
125 100 99 7
125 100 100 7
125 100 100 7
125 100 100 7
145 100 100 7
170 100 100 7
195 100 100 7
205 100 100 7
205 100 100 7
205 100 100 7
205 100 100 7
205 100 100 7
220 100 100 7
245 100 100 7
270 100 100 7
270 100 100 7
260 100 100 5
240 100 100 7
240 100 100 7
240 100 100 7
240 100 100 7
240 100 100 7
240 100 100 7
245 100 100 7
270 100 100 7
290 100 100 7
290 100 100 7
290 100 100 7
285 100 100 7
260 100 100 7
235 100 100 7
210 100 100 7
185 100 100 7
160 100 100 7
135 100 100 7
110 100 100 7
90 100 100 7
90 100 100 7
90 100 100 7
90 100 100 7
90 100 100 7
90 100 100 7
75 100 100 7
50 100 100 7
40 100 100 7
40 100 100 7
40 100 100 7
40 100 100 7
40 100 100 7
40 100 100 7
40 100 100 7
40 100 100 7
40 100 100 7
40 100 100 7
40 100 100 7
40 100 100 0
40 100 85 7
80 100 85 7
80 100 85 7
80 100 85 0
80 85 85 7
80 85 86 7
80 85 87 7
80 86 88 7
80 87 89 7
80 88 90 7
80 89 91 7
80 90 92 7
80 91 93 0
80 93 76 7
80 94 76 7
80 76 96 0
80 96 76 7
80 97 76 7
80 98 77 7
80 99 78 7
80 100 79 7
80 100 80 0
80 80 85 7
80 82 85 7
80 83 85 7
80 84 85 7
80 86 87 7
80 87 88 7
80 88 89 7
80 89 90 7
80 90 91 7
80 91 92 7
80 92 93 7
80 93 94 7
80 94 93 4
80 94 93 4
80 94 93 4
80 92 94 4
80 94 92 7
80 92 94 4
80 92 94 4
80 92 94 4
80 92 94 4
80 92 94 4
80 94 92 7
80 90 95 4
80 90 95 4
80 90 95 4
80 90 95 4
80 90 95 4
80 95 90 7
80 88 96 4
80 88 96 4
80 88 96 4
80 88 96 4
80 88 96 4
80 96 88 7
80 86 97 4
80 86 97 4
80 86 97 4
80 86 97 4
80 86 97 4
80 97 86 7
80 84 98 4
80 84 98 4
80 84 98 4
80 84 98 4
80 98 84 0
80 82 83 4
80 83 82 7
80 82 83 4
80 82 83 4
80 82 83 4
80 82 83 4
80 80 83 4
80 83 80 7
80 80 83 4
80 80 83 4
80 80 83 4
80 80 83 4
80 80 83 4
80 83 80 7
80 78 83 4
80 78 83 4
80 78 83 4
80 78 83 4
80 78 83 4
80 83 78 7
80 76 84 4
80 76 84 4
80 76 84 4
80 76 84 4
80 76 84 4
80 84 76 7
80 74 85 4
80 85 74 0
80 74 70 4
80 74 70 4
80 74 70 4
80 74 70 4
80 70 74 7
80 72 70 4
80 72 70 4
80 72 70 4
80 72 70 4
80 72 70 4
80 70 72 7
80 72 70 4
80 70 70 4
80 70 70 4
80 70 70 0
80 70 70 4
80 70 70 7
80 68 70 4
80 68 70 4
80 68 70 4
80 68 70 4
80 68 70 4
80 70 68 7
80 68 70 4
80 66 71 4
80 66 71 4
80 71 66 0
80 66 56 4
80 66 56 4
80 56 66 7
80 66 56 4
80 64 56 4
80 64 56 4
80 64 56 4
80 64 56 4
80 56 64 7
80 64 56 4
80 62 56 4
80 62 56 4
80 62 56 4
80 62 56 4
80 56 62 7
80 62 56 4
80 62 56 4
80 60 56 4
80 56 60 0
80 60 41 4
80 60 41 4
80 41 60 7
80 60 41 4
80 60 41 4
80 60 41 4
80 58 41 4
80 58 41 4
80 41 58 7
80 58 41 0
80 58 41 4
80 56 41 4
80 56 41 4
80 56 41 4
80 41 56 7
80 56 41 4
80 56 41 4
80 54 41 4
80 54 41 4
80 41 54 0
80 54 26 4
80 26 54 7
80 54 26 4
80 54 26 4
80 52 26 4
80 52 26 4
80 52 26 4
80 26 52 7
80 52 26 4
80 52 26 4
80 50 26 4
80 50 26 4
80 50 26 4
80 26 50 7
80 50 26 4
80 50 26 4
80 48 26 4
80 48 26 4
80 48 26 4
80 26 48 7
80 48 26 4
80 48 26 4
80 27 49 7
105 28 50 7
130 29 51 7
145 52 30 3
155 30 32 7
155 32 32 7
155 33 32 7
155 34 32 7
155 35 32 7
155 35 32 7
140 36 32 7
115 37 32 7
90 38 32 7
65 40 33 7
40 41 34 7
25 43 36 6
25 44 37 6
25 45 38 6
20 46 39 7
20 47 40 7
40 48 41 7
65 49 42 7
90 50 43 7
100 51 44 7
100 45 52 3
100 52 25 7
100 53 25 7
100 54 25 1
100 55 25 7
100 56 25 7
110 57 25 7
115 57 25 1
135 58 25 7
160 59 25 7
165 60 25 7
140 61 25 7
115 62 26 7
90 63 27 7
65 64 28 7
40 65 29 7
15 66 30 7
10 67 31 5
40 68 32 6
90 69 33 7
95 70 34 7
95 71 35 7
95 72 36 7
120 73 37 7
145 74 38 7
155 75 39 3
160 55 39 7
160 55 40 7
160 55 41 7
150 55 42 7
125 55 43 7
100 55 45 7
75 55 46 7
50 55 47 7
55 55 47 7
80 56 48 7
105 58 50 6
155 59 51 6
205 60 52 6
205 61 53 7
180 62 54 7
155 63 55 7
130 64 56 7
120 65 57 5
120 66 58 5
120 67 59 5
120 68 60 7
145 69 61 7
170 70 62 7
180 71 63 0
195 56 63 7
220 56 64 7
245 56 65 7
260 57 66 0
270 42 66 7
270 42 67 7
270 67 42 0
270 42 52 7
270 43 52 7
270 44 52 7
270 45 53 7
270 45 53 7
280 47 55 7
305 48 56 7
330 49 57 7
355 50 58 7
380 51 59 7
405 52 60 6
455 53 61 6
505 54 62 6
555 55 63 6
605 56 64 6
655 57 65 6
705 58 66 6
755 60 68 6
780 61 69 6
795 62 70 6
795 63 71 6
795 64 72 6
795 65 73 6
795 67 75 6
795 68 76 6
790 68 76 6
765 69 77 6
740 70 78 6
715 71 79 6
690 72 80 6
665 73 81 7
640 74 82 7
615 76 84 7
590 76 84 7
555 77 85 5
505 79 87 5
455 80 88 5
405 81 89 5
355 82 90 5
305 83 91 5
255 84 92 5
205 85 93 5
155 86 94 5
105 87 95 5
75 96 88 0
105 88 81 5
80 89 81 5
55 90 81 5
20 91 81 5
10 82 92 0
20 93 67 6
45 94 67 6
70 95 67 6
105 97 68 6
155 98 69 6
165 99 70 6
150 100 71 7
125 100 72 7
100 100 74 7
75 100 75 7
50 100 76 7
25 100 77 7
0 100 78 7
10 78 100 0
10 100 63 7
10 100 63 7
10 100 63 7
10 63 100 0
10 100 48 7
10 100 48 7
10 100 48 7
5 100 48 7
30 100 50 7
55 100 51 7
80 100 52 7
105 100 53 7
80 100 54 7
55 100 55 7
30 100 57 7
20 58 100 0
60 100 43 7
60 100 43 7
60 100 43 7
60 43 100 0
60 100 28 7
100 100 28 7
100 100 28 7
100 100 28 7
100 29 100 0
100 100 14 7
100 100 14 7
100 100 14 7
100 100 14 7
100 14 100 0
100 100 15 7
100 100 16 7
100 100 17 7
90 100 18 7
65 100 19 7
40 100 20 7
15 100 21 7
5 22 100 0
45 100 7 7
45 100 7 7
45 100 7 7
45 7 100 0
45 100 7 7
45 100 8 7
45 100 9 7
45 100 10 7
45 100 11 7
45 11 100 0
45 100 11 7
45 100 12 7
45 100 13 7
45 100 14 7
45 100 15 7
45 16 100 0
85 100 1 7
85 100 1 7
85 100 1 7
85 100 2 7
85 2 100 0
85 100 3 7
85 100 4 7
85 100 5 7
85 100 6 7
85 6 100 0
85 100 6 7
85 100 7 7
85 100 8 7
85 100 9 7
85 100 10 7
85 11 100 0
85 100 11 7
85 100 12 7
85 100 13 7
95 100 14 6
120 100 16 6
105 100 17 7
80 100 18 7
55 100 20 7
50 100 21 7
70 100 22 7
95 100 23 7
120 100 24 7
145 100 25 7
170 100 26 7
155 100 26 7
130 100 28 7
125 28 100 3
105 100 8 7
95 100 8 7
95 100 8 7
95 100 8 7
95 100 8 7
90 100 8 7
65 100 8 7
40 100 8 7
15 100 8 7
10 100 9 7
20 9 100 0
30 100 10 7
30 100 11 7
30 13 100 0
30 100 13 7
30 100 14 7
30 100 15 7
30 100 16 7
30 17 100 0
30 100 2 7
30 100 2 7
30 100 2 7
15 100 3 7
10 100 4 7
15 100 6 7
10 100 7 7
35 100 8 7
30 100 9 7
5 100 10 7
20 100 11 7
45 100 12 7
70 100 13 7
95 100 14 7
120 100 15 7
145 100 16 7
170 100 17 7
195 100 18 7
220 100 19 7
195 100 20 7
170 100 21 7
145 100 22 7
120 100 23 7
95 100 24 7
90 24 100 0
90 100 9 7
90 100 9 7
90 100 9 7
70 100 10 7
45 100 11 7
40 11 100 0
20 100 12 7
5 100 13 7
30 100 14 7
55 100 15 7
80 100 16 7
105 100 17 7
105 100 18 7
105 100 19 7
105 100 20 7
105 20 100 1
105 100 21 7
105 100 22 7
105 100 23 7
105 100 24 7
100 100 25 7
75 100 26 7
50 100 27 7
25 100 28 7
0 100 29 7
20 100 30 7
20 100 31 7
20 100 32 7
20 100 33 7
20 100 34 7
20 100 35 7
20 100 36 7
20 100 37 7
15 100 38 7
10 100 39 7
35 100 40 7
60 100 41 7
85 100 42 7
110 100 43 7
135 100 44 7
115 100 45 7
90 100 46 7
65 100 47 7
60 100 48 7
60 100 49 7
60 50 100 0
100 100 35 7
100 100 35 7
100 100 35 7
100 100 35 7
100 100 36 7
100 100 37 7
100 100 38 7
90 100 39 7
65 100 40 7
40 100 41 7
30 100 42 7
30 100 43 7
30 100 44 7
30 100 45 6
55 100 46 6
80 100 47 6
105 100 48 7
105 100 50 7
105 100 51 7
95 100 52 7
70 100 53 7
45 100 55 7
20 100 56 7
10 100 57 7
5 100 58 5
20 100 59 6
45 100 60 6
70 100 61 7
70 62 100 0
70 100 47 7
70 100 47 7
70 100 47 7
70 100 47 7
70 100 48 7
70 100 49 7
70 100 50 7
70 100 51 7
70 100 52 7
70 100 54 7
60 100 54 7
35 100 55 7
10 100 57 7
5 100 57 7
5 100 58 7
5 100 60 3
5 80 60 7
5 80 61 7
5 80 62 7
5 80 63 7
5 80 64 7
5 80 65 7
5 80 66 7
10 80 67 7
35 80 68 7
75 80 69 7
100 81 70 7
105 82 71 5
90 83 72 5
65 84 73 5
40 86 75 5
5 87 76 5
45 88 77 6
90 89 78 7
115 90 79 7
125 91 80 7
100 92 81 7
65 93 82 5
15 94 83 5
20 95 84 7
20 96 85 7
20 97 86 7
20 98 87 7
20 99 88 7
20 100 89 7
20 100 90 7
20 100 91 7
20 100 92 7
20 100 93 7
20 100 95 7
20 100 96 7
20 100 97 7
20 100 98 7
30 100 99 6
55 100 100 6
65 100 100 7
65 100 100 7
65 100 100 7
65 100 100 7
65 100 100 7
65 100 100 7
65 100 100 7
65 100 100 7
65 100 100 7
75 100 100 6
100 100 100 6
125 100 100 6
150 100 100 6
175 100 100 6
200 100 100 6
225 100 100 6
250 100 100 6
275 100 100 6
295 100 100 7
320 100 100 7
345 100 100 7
325 100 100 5
300 100 100 5
295 100 100 7
295 100 100 7
275 100 100 5
255 100 100 7
255 100 100 7
255 100 100 7
250 100 100 7
225 100 100 7
200 100 100 7
175 100 100 7
150 100 100 7
125 100 100 7
100 100 100 7
75 100 100 7
50 100 100 7
25 100 100 7
5 100 100 7
5 100 100 7
5 100 100 7
5 100 100 7
5 100 100 7
5 100 100 0
45 100 85 7
45 100 85 7
45 100 85 7
45 85 100 0
85 100 70 7
85 100 70 7
85 100 70 7
85 70 100 0
85 100 70 7
85 100 71 7
85 72 100 0
85 100 57 7
85 100 57 6
110 100 57 6
115 57 100 0
135 100 58 6
145 100 60 7
145 60 100 0
145 100 45 7
145 100 45 7
145 100 45 7
135 100 46 5
110 100 47 5
85 100 48 5
60 100 49 5
50 100 50 7
50 50 100 0
90 100 35 7
105 100 35 6
130 100 35 6
135 100 36 7
135 100 37 7
135 100 38 0
135 85 38 7
135 85 39 7
135 85 40 7
135 85 41 7
135 86 42 7
135 87 43 7
115 88 44 5
90 89 45 5
65 90 46 5
45 91 47 7
45 92 48 7
45 93 49 7
45 94 50 7
45 94 50 0
85 79 51 7
85 79 52 7
85 79 53 7
85 80 54 7
85 81 55 7
85 82 56 7
85 83 57 7
85 83 57 0
85 68 58 7
85 68 59 7
85 68 60 7
75 69 61 5
50 70 62 5
25 71 63 5
20 72 64 7
20 65 73 0
60 73 50 7
60 75 50 7
60 76 50 7
60 76 50 7
60 77 51 0
100 62 51 7
100 62 52 7
100 52 62 0
100 62 37 7
100 62 37 7
100 63 37 7
100 38 64 0
100 64 23 7
85 65 23 5
100 66 23 5
75 67 23 5
60 68 24 7
60 69 25 7
60 70 26 7
60 26 70 0
100 71 11 5
75 72 11 5
50 73 11 5
40 74 12 7
40 75 13 7
40 13 75 0
40 76 14 7
25 77 15 5
0 78 16 5
5 17 79 0
5 79 2 7
5 80 2 7
5 81 2 7
5 2 82 0
5 83 3 7
5 84 4 7
5 84 4 7
5 86 6 7
5 6 86 0
5 87 7 0
5 7 72 7
5 8 72 7
5 9 72 7
5 10 72 7
10 11 73 7
35 12 74 7
60 13 75 7
85 14 76 7
110 15 77 7
135 16 78 7
160 17 79 7
185 18 80 7
170 19 81 7
145 20 82 7
120 21 83 7
95 22 84 7
70 23 85 7
60 24 86 7
60 25 87 7
60 26 88 7
60 27 89 7
60 28 90 7
60 28 90 0
100 13 91 7
100 13 92 7
100 13 93 7
100 14 94 0
100 94 14 7
100 96 16 7
100 96 16 7
90 97 17 5
65 98 18 5
40 99 19 5
25 100 20 7
25 100 21 7
25 100 23 7
25 100 23 7
25 100 25 7
25 100 26 7
25 100 27 7
25 100 27 0
65 85 28 7
65 85 29 7
65 85 30 7
65 86 31 7
65 87 32 7
65 87 32 0
105 72 33 7
105 72 34 7
105 72 35 7
105 73 36 7
105 73 36 7
95 75 38 5
70 76 39 5
45 77 40 5
20 78 41 5
5 79 42 7
5 80 43 7
5 80 43 0
5 65 44 7
5 65 45 7
5 65 46 7
5 66 47 7
5 67 48 0
5 48 52 7
5 49 52 7
5 50 52 7
5 51 52 7
5 52 53 7
5 53 54 7
5 54 55 7
30 55 56 7
55 56 57 7
80 57 58 7
105 58 59 7
130 59 60 7
155 60 61 7
150 61 62 7
125 61 62 7
100 62 63 7
75 63 64 7
50 64 65 7
25 65 66 7
0 66 67 7
0 67 68 7
0 68 69 7
0 69 70 7
0 71 70 0
0 70 56 7
0 71 56 7
0 72 56 7
0 73 56 7
0 74 57 7
25 75 58 7
50 76 59 7
75 77 60 7
100 78 61 7
125 79 62 7
150 80 63 7
125 81 64 7
100 82 65 7
75 83 66 7
50 85 68 7
45 87 70 7
70 88 71 7
70 89 72 7
70 90 73 7
70 74 91 0
70 91 59 7
70 92 59 7
70 93 59 7
70 94 59 7
70 95 60 7
70 61 96 0
70 97 46 7
70 98 46 7
70 99 46 7
65 100 46 7
40 100 47 7
15 100 48 7
15 100 49 7
15 100 51 7
15 52 100 0
55 100 37 7
55 100 37 7
55 100 37 7
55 100 38 7
55 100 39 7
55 39 100 0
95 100 24 7
95 100 24 7
95 100 24 7
95 100 25 7
95 100 26 7
95 100 26 7
95 100 27 7
90 100 28 7
65 100 29 7
60 100 29 0
80 85 30 7
65 85 31 7
65 85 32 7
65 85 33 7
65 86 34 0
1020 100 100 5
970 100 100 5
920 100 100 5
870 100 100 5
820 100 100 5
770 100 100 5
720 100 100 5
670 100 100 5
620 100 100 5
575 100 100 7
555 100 100 7
555 100 100 7
555 100 100 2
555 100 100 7
555 100 100 7
555 100 100 7
555 100 100 7
555 100 100 7
555 100 100 7
545 100 100 5
495 100 100 5
445 100 100 5
395 100 100 5
350 100 100 5
325 100 100 5
300 100 100 5
280 100 100 1
275 100 100 5
250 100 100 5
225 100 100 5
200 100 100 5
175 100 100 5
160 100 100 2
150 100 100 5
125 100 100 5
100 100 100 5
75 100 100 5
60 100 100 7
60 100 100 7
35 100 100 7
10 100 100 7
15 100 100 7
40 100 100 7
65 100 100 7
90 100 100 7
100 100 100 7
100 100 100 7
85 100 100 7
60 100 100 7
35 100 100 7
10 100 100 7
15 100 100 7
40 100 100 7
65 100 100 7
40 100 100 7
25 100 100 7
25 100 100 7
25 100 100 7
25 100 100 7
25 100 100 7
25 100 100 7
25 100 100 7
35 100 100 7
60 100 100 7
85 100 100 1
90 100 100 6
115 100 100 6
140 100 100 7
140 100 100 7
140 100 100 7
140 100 100 7
130 100 100 5
105 100 100 5
80 100 100 5
55 100 100 7
75 100 100 6
100 100 100 6
125 100 100 6
110 100 100 5
105 100 100 0
85 100 85 7
85 100 85 7
85 100 85 7
85 100 86 7
85 86 100 0
100 100 71 6
125 100 71 6
150 100 71 6
165 100 72 7
165 100 73 7
155 100 74 7
130 100 75 7
85 100 76 5
55 100 77 5
40 100 78 7
40 100 79 7
40 79 100 0
80 100 64 7
80 100 64 7
80 100 64 7
80 100 65 7
80 100 66 7
80 100 67 7
80 100 68 7
80 100 69 7
80 100 70 7
80 100 71 7
80 71 100 0
115 100 56 5
90 100 56 5
95 100 56 6
120 100 57 6
145 100 58 6
140 100 59 7
115 100 60 5
80 100 61 5
55 100 62 5
50 62 100 0
70 100 47 5
65 100 47 7
65 100 47 7
65 100 48 7
65 100 49 7
65 100 51 7
50 100 52 5
25 100 53 5
20 53 100 0
40 100 38 5
20 100 38 7
20 100 38 7
20 100 39 7
20 100 39 4
20 100 39 4
20 100 39 4
20 98 40 4
20 98 40 4
20 40 98 7
20 98 40 4
20 98 40 4
20 98 40 4
20 96 41 4
20 96 41 4
20 41 96 7
20 96 41 4
20 41 96 0
20 96 26 4
20 96 26 4
20 94 26 4
20 94 26 4
20 26 94 7
20 94 26 4
20 94 26 4
20 94 26 4
20 92 26 4
20 92 26 4
20 26 92 7
20 92 26 4
20 92 26 4
20 92 26 4
20 90 26 4
20 90 26 4
20 26 90 7
20 90 26 4
20 90 26 4
20 90 26 4
20 90 26 4
20 88 27 4
20 27 88 7
20 88 27 4
20 88 27 4
20 88 27 4
20 88 27 4
20 86 28 4
20 28 86 7
20 86 28 4
20 86 28 4
20 84 29 4
20 84 29 4
20 84 29 4
20 29 84 7
20 84 29 4
20 84 29 4
20 82 30 4
20 82 30 4
20 82 30 4
20 30 82 7
20 82 30 4
20 82 30 4
20 80 31 4
20 80 31 4
20 80 31 4
20 31 80 7
20 80 31 4
20 80 31 4
20 78 32 4
20 78 32 4
20 78 32 4
20 32 78 7
20 78 32 4
20 78 32 4
20 76 33 4
20 76 33 4
20 33 76 0
20 76 18 4
20 18 76 7
20 76 18 4
20 76 18 4
20 74 18 4
55 18 74 7
30 18 75 7
5 18 76 7
20 19 77 7
45 20 78 7
70 21 79 7
95 22 80 0
100 80 7 6
125 81 7 6
150 82 7 6
175 83 7 6
200 84 8 6
225 85 9 6
250 86 10 6
275 88 12 6
300 89 13 6
325 89 13 6
340 90 14 3
350 70 14 6
360 70 15 7
360 70 16 7
360 70 18 7
360 70 19 7
350 70 21 5
325 70 22 5
300 70 23 5
275 70 24 5
250 70 25 5
225 71 26 5
200 72 27 5
175 74 29 5
150 75 30 5
125 76 31 5
100 77 32 5
75 77 32 5
50 78 33 5
25 79 34 5
5 80 35 0
45 65 35 5
45 65 36 7
45 65 37 7
45 65 38 6
70 66 39 6
95 67 40 6
120 68 41 6
145 69 42 6
170 70 43 6
160 71 44 5
140 45 72 4
135 72 45 5
135 45 72 4
130 45 72 4
125 45 72 4
120 45 72 4
115 43 73 4
110 73 43 5
110 43 73 4
105 43 73 4
100 43 73 4
95 43 73 4
90 41 74 4
85 74 41 5
85 41 74 4
80 41 74 4
75 41 74 4
70 39 75 4
65 39 75 4
60 75 39 5
60 39 75 4
55 39 75 4
50 37 76 4
45 37 76 4
40 37 76 4
35 76 37 5
35 37 76 4
30 37 76 4
25 35 77 4
20 35 77 4
15 35 77 4
10 77 35 5
10 35 77 4
5 35 77 4
0 33 78 4
5 33 78 4
10 33 78 4
10 78 33 7
10 79 34 7
25 80 35 6
70 81 36 6
95 82 37 6
120 83 38 6
145 84 39 6
170 85 40 6
195 86 41 6
220 87 42 6
245 89 44 6
270 90 45 6
290 91 46 5
265 92 47 5
240 93 48 5
215 94 49 5
190 95 50 5
165 96 51 5
140 97 52 5
115 98 53 5
90 99 54 5
65 100 55 5
45 56 100 4
40 100 56 5
40 56 100 4
35 56 100 4
30 56 100 4
25 100 54 0
25 54 85 4
25 54 85 4
25 85 54 5
25 54 85 4
25 54 85 4
25 54 85 4
65 85 52 7
65 85 53 7
65 85 54 7
65 86 55 7
65 87 56 7
65 88 57 7
65 89 58 7
65 59 90 4
65 90 59 7
65 59 90 4
65 59 90 4
65 59 90 4
65 57 91 4
65 57 91 4
65 91 57 7
65 57 91 4
65 57 91 4
65 57 91 4
65 55 92 4
65 92 55 0
65 55 77 4
65 77 55 7
65 55 77 4
65 55 77 4
65 55 77 4
65 53 77 4
65 53 77 4
65 77 53 7
65 53 77 4
65 53 77 4
65 53 77 4
65 53 77 4
65 51 77 4
65 77 51 7
65 51 77 4
65 51 77 4
65 51 77 4
65 51 77 4
65 51 77 4
65 78 49 7
65 49 78 4
65 49 78 4
65 49 78 4
65 49 78 4
65 49 78 4
65 79 47 7
65 80 48 7
65 81 49 7
65 82 50 0
65 50 67 7
105 51 67 7
105 52 67 7
105 53 67 4
105 67 53 7
105 53 67 4
105 53 67 4
105 53 67 4
105 53 67 4
105 51 68 4
105 68 51 7
105 51 68 4
105 51 68 4
105 51 68 4
105 69 49 7
105 70 50 7
105 71 51 0
105 56 51 7
105 56 52 7
105 56 53 7
105 56 54 7
95 57 55 5
70 58 56 5
45 59 57 5
20 60 58 5
5 61 59 6
30 62 60 6
25 63 61 5
0 63 61 6
25 64 62 6
50 65 63 6
75 66 64 6
100 67 65 6
125 68 66 6
150 69 67 6
155 69 67 3
175 49 68 6
200 49 70 6
225 49 71 7
215 49 72 5
190 49 73 5
165 49 74 5
140 49 75 5
115 49 76 5
90 49 77 5
65 50 78 5
40 51 79 5
15 52 80 5
20 53 81 6
45 54 82 6
95 55 83 6
100 83 55 3
105 56 63 7
105 56 63 3
105 36 63 7
105 36 63 6
130 36 63 6
155 36 63 6
180 36 63 6
205 36 63 6
230 36 63 6
255 36 63 6
260 36 64 6
260 37 65 6
260 38 66 6
260 39 67 6
260 40 68 6
260 41 69 6
260 42 70 6
260 43 71 6
260 44 72 6
260 45 73 6
260 46 74 6
240 47 75 5
190 48 76 5
140 49 77 5
90 50 78 5
40 51 79 5
10 52 80 6
30 53 81 5
40 54 82 7
50 55 83 0
85 40 84 7
60 40 84 7
60 40 86 7
60 41 87 7
60 42 88 7
60 42 88 0
100 27 89 7
100 27 90 7
100 27 91 7
125 28 92 7
150 29 93 7
150 30 94 7
145 31 95 7
120 32 96 7
105 33 97 7
90 35 99 5
65 37 100 7
65 38 100 7
65 39 100 7
50 41 100 7
35 42 100 7
35 43 100 7
35 44 100 7
35 45 100 7
35 47 100 7
35 100 47 0
75 48 85 7
75 50 85 0
75 85 35 7
115 85 35 7
115 86 35 7
115 87 35 7
115 88 36 7
115 37 89 0
115 89 22 7
115 90 22 7
115 91 22 7
115 92 22 7
115 93 23 7
115 94 24 7
115 95 25 7
115 96 26 7
95 97 27 7
70 98 28 7
45 99 29 7
35 100 30 6
75 100 31 6
120 100 33 7
115 100 34 5
65 100 35 5
35 100 37 7
35 100 38 7
35 100 39 7
35 100 40 7
35 100 41 7
35 100 42 0
75 42 85 0
75 85 27 7
115 85 27 7
115 85 27 7
115 85 27 7
115 86 28 0
115 28 71 7
115 29 71 0
115 14 71 7
115 14 71 7
115 14 71 7
115 72 14 0
115 14 57 7
115 15 57 7
115 16 57 7
115 17 57 7
115 18 58 7
115 19 59 4
115 19 59 4
115 19 59 4
115 59 19 7
115 19 59 4
115 19 59 4
115 17 60 4
115 17 60 4
115 17 60 4
115 60 17 7
115 17 60 4
115 17 60 4
115 60 17 0
115 15 45 4
115 15 45 4
115 15 45 4
115 45 15 7
115 15 45 4
115 13 45 4
115 13 45 4
115 13 45 4
115 13 45 4
115 45 13 7
115 11 45 4
115 11 45 0
115 11 45 4
115 11 45 4
115 45 11 0
115 9 45 4
115 45 9 7
115 9 45 4
115 9 45 4
115 9 45 4
115 9 45 4
115 7 46 4
115 46 7 7
115 7 46 4
115 7 46 4
115 7 46 4
115 5 47 4
115 5 47 4
115 47 5 7
115 5 47 4
115 5 47 4
115 5 47 4
115 3 48 4
115 3 48 4
115 48 3 7
115 3 48 4
115 48 3 0
115 3 33 4
115 3 33 4
115 1 33 4
115 1 33 4
115 33 1 7
115 1 33 4
115 1 33 4
115 1 33 4
115 0 33 4
115 0 33 4
115 33 0 7
115 0 33 4
115 0 33 4
115 0 33 4
115 1 33 4
115 1 33 4
115 33 1 7
115 1 33 4
115 1 33 4
115 1 33 4
115 2 34 4
115 2 34 4
115 34 2 7
115 2 34 4
115 2 34 4
115 2 34 4
115 3 35 4
115 3 35 4
115 35 3 7
115 3 35 4
115 3 35 4
115 3 35 4
115 4 36 4
115 4 36 4
115 36 4 7
115 4 36 4
115 4 36 4
115 4 36 4
115 37 5 7
130 38 6 7
155 39 7 7
180 40 8 7
205 40 8 7
215 41 9 5
215 42 10 5
170 43 11 7
145 44 12 7
120 45 13 7
95 46 14 7
70 47 15 7
45 48 16 7
35 50 18 7
35 51 19 7
35 19 51 4
35 17 52 4
35 17 52 4
35 17 52 4
35 52 17 7
35 17 52 4
35 15 53 4
35 15 53 4
35 53 15 7
35 54 16 7
35 55 17 7
35 56 18 7
35 57 19 7
35 58 20 7
35 59 21 7
35 60 22 7
35 61 23 7
35 62 24 7
35 63 25 7
35 64 26 7
35 65 27 7
35 66 28 7
35 67 29 7
35 69 31 7
35 69 31 4
35 69 31 4
35 69 31 4
35 69 31 4
35 32 67 0
35 67 17 4
35 17 67 7
35 67 17 4
35 67 17 4
35 67 17 4
75 17 68 7
75 17 69 7
75 17 70 7
75 18 71 7
75 19 72 7
75 20 73 7
75 21 74 7
75 22 75 7
75 22 75 0
115 7 76 7
115 76 7 4
115 76 7 4
115 7 74 7
115 74 7 4
115 74 7 4
115 74 7 4
115 74 7 4
115 74 7 4
115 7 74 7
115 74 7 4
115 72 7 4
115 72 7 4
115 7 72 7
115 8 73 7
115 9 74 3
115 9 74 7
115 10 75 7
115 75 10 3
115 11 55 7
115 12 55 7
115 13 55 7
100 14 55 5
75 15 55 5
50 16 55 5
25 17 55 5
10 19 55 7
10 55 20 3
10 20 55 7
10 21 56 0
50 6 56 7
50 6 57 7
50 6 58 7
50 58 6 3
50 7 38 7
50 7 38 0
50 8 38 7
50 9 38 7
50 10 38 7
50 38 10 3
50 10 38 0
50 11 38 7
50 12 38 7
50 13 38 7
50 14 38 7
50 38 14 3
50 15 39 7
50 16 40 7
50 16 40 3
50 17 41 7
50 18 42 7
60 19 43 6
85 20 44 6
95 20 44 6
95 21 45 6
105 22 46 6
130 23 47 6
130 24 48 5
105 25 49 5
80 27 51 5
35 28 52 5
10 30 54 6
5 54 30 4
0 52 31 4
5 31 52 6
5 52 31 4
10 52 31 4
15 52 31 4
20 52 31 4
25 32 50 3
25 50 12 4
30 12 50 6
30 50 12 4
55 12 51 6
75 12 52 7
75 12 53 5
75 12 54 5
75 12 55 5
60 12 56 5
35 12 57 5
15 12 58 6
55 13 59 5
55 13 59 5
55 15 61 5
55 16 62 5
60 17 63 7
60 18 64 7
60 19 65 7
45 20 66 5
0 21 67 5
50 22 68 6
100 22 68 6
150 23 69 6
200 25 71 6
250 26 72 6
300 27 73 6
345 28 74 6
370 29 75 6
355 30 76 5
310 30 76 5
260 32 78 5
210 33 79 5
160 34 80 5
110 35 81 5
100 36 82 7
100 37 83 7
100 38 84 7
100 39 85 7
100 40 86 0
100 25 86 7
100 25 87 7
100 25 88 7
100 25 89 7
100 26 90 7
100 90 26 3
100 27 70 7
100 28 70 7
100 28 70 0
100 13 70 7
100 13 70 7
75 13 70 7
55 14 70 7
55 15 70 7
55 16 70 7
55 17 70 7
55 18 71 0
55 71 3 7
95 72 3 7
95 73 3 7
95 74 3 7
90 75 4 5
85 4 75 0
65 76 5 5
40 77 6 5
30 78 7 7
30 79 8 5
5 80 9 5
0 9 80 0
15 81 10 7
15 82 11 7
15 83 12 6
40 84 13 6
45 85 14 7
60 86 15 6
85 87 16 6
90 88 17 7
95 90 19 7
120 91 20 7
145 92 21 7
170 93 22 7
185 94 23 5
185 95 24 5
185 96 25 5
185 98 27 5
175 98 27 7
175 99 28 7
160 100 30 6
160 100 31 6
160 100 32 6
160 100 33 6
170 100 34 7
195 100 35 7
220 100 36 7
245 100 37 7
260 100 38 7
260 100 39 7
260 100 40 7
280 100 40 7
305 100 42 3
310 42 80 6
315 44 80 7
315 45 80 7
290 46 80 7
265 47 80 7
240 48 80 7
225 49 80 6
225 50 80 6
225 51 80 6
225 53 81 6
220 81 53 0
220 54 66 7
220 55 66 7
220 55 66 7
230 56 66 6
230 58 68 6
230 59 69 6
230 60 70 6
250 61 71 6
275 62 72 6
300 63 73 6
325 64 74 6
330 65 75 6
330 66 76 6
305 67 77 6
285 69 79 6
280 70 80 5
255 71 81 5
230 72 82 5
205 74 84 5
180 75 85 5
155 77 87 5
145 78 88 5
145 79 89 5
140 80 90 5
115 81 91 5
95 82 92 7
95 92 82 0
95 83 77 7
95 84 77 7
95 85 77 0
95 70 77 7
95 70 78 7
95 70 79 7
95 70 80 7
95 71 81 7
95 72 82 7
95 73 83 7
95 74 84 7
95 75 85 0
95 60 85 7
95 60 86 7
95 60 87 7
95 60 88 7
95 61 89 6
120 62 90 6
145 63 91 6
170 64 92 7
170 65 93 7
170 66 94 7
170 67 95 7
170 68 96 7
170 69 97 7
170 69 97 7
170 70 98 7
170 72 100 7
150 73 100 5
140 75 100 7
165 76 100 7
190 77 100 7
215 78 100 7
215 79 100 7
215 80 100 7
215 81 100 7
235 82 100 7
260 83 100 7
285 84 100 7
310 85 100 7
335 86 100 7
360 87 100 7
385 88 100 7
400 89 100 6
425 90 100 6
450 91 100 6
475 92 100 6
500 93 100 6
525 94 100 6
550 95 100 6
575 96 100 6
600 97 100 6
620 98 100 6
620 99 100 6
595 99 100 7
570 100 100 7
545 100 100 7
505 100 100 5
455 100 100 5
405 100 100 5
355 100 100 5
305 100 100 5
255 100 100 5
215 100 100 5
190 100 100 5
165 100 100 5
140 100 100 5
115 100 100 5
90 100 100 5
65 100 100 5
40 100 100 5
25 100 100 0
60 100 85 7
60 100 85 7
60 100 85 7
60 100 86 7
60 100 87 7
60 100 88 7
60 100 89 7
60 100 90 7
60 91 100 0
100 100 76 7
100 100 76 7
105 100 76 6
130 100 77 6
155 100 78 6
180 100 78 7
180 79 100 0
180 100 64 7
180 100 64 7
180 100 64 7
180 100 64 7
195 100 65 6
220 100 66 6
245 100 67 6
270 100 68 7
270 100 69 7
270 100 70 7
270 100 71 7
270 100 72 7
270 100 73 7
270 100 74 7
260 100 75 7
235 100 76 7
230 100 77 7
230 100 78 7
230 100 80 7
215 100 81 7
190 100 82 7
165 100 83 7
140 100 83 7
115 100 84 7
90 100 85 7
65 100 86 7
40 100 87 7
20 88 100 0
60 100 73 7
60 100 73 7
60 100 73 7
60 100 73 7
60 74 100 0
100 100 59 7
100 100 59 7
100 100 59 7
100 59 100 0
100 100 44 7
100 100 44 7
100 100 44 7
100 100 45 7
80 100 46 5
55 100 47 5
30 100 48 5
5 100 49 5
20 100 50 6
45 100 51 6
70 100 52 6
95 100 53 6
120 100 55 6
145 100 56 6
170 100 58 6
195 100 59 6
180 100 60 5
155 100 61 5
130 100 62 5
105 100 63 5
95 100 65 7
95 100 65 0
95 85 66 7
95 85 67 7
95 85 68 7
95 85 69 7
95 86 70 7
95 87 71 0
105 72 71 7
125 72 73 7
125 72 74 7
125 73 75 7
125 74 76 7
110 76 78 0
110 78 61 7
110 79 61 7
110 80 61 7
110 81 61 7
110 82 62 7
110 84 64 5
85 85 65 5
60 86 66 5
50 87 67 7
50 88 68 7
50 89 69 7
50 69 89 1
50 90 70 7
50 91 71 7
50 92 72 7
50 94 74 7
50 95 75 7
50 75 95 2
50 96 76 7
50 97 77 7
50 98 78 7
50 99 79 7
50 100 80 7
50 100 81 5
50 100 82 5
50 100 83 5
50 100 84 5
50 100 85 5
55 100 86 7
55 100 87 7
55 100 88 7
55 100 89 7
60 100 90 7
85 100 91 7
110 100 92 7
135 100 93 7
160 100 94 7
185 100 95 7
210 100 96 7
235 100 97 7
240 100 98 7
215 100 99 7
205 100 99 2
190 100 100 7
190 100 100 7
190 100 100 7
190 100 100 7
190 100 100 7
170 100 100 7
140 100 100 5
90 100 100 5
40 100 100 5
0 100 100 5
5 100 100 6
15 100 100 7
40 100 100 7
75 100 100 6
125 100 100 6
175 100 100 6
225 100 100 6
275 100 100 7
300 100 100 7
325 100 100 7
320 100 100 5
275 100 100 5
225 100 100 5
175 100 100 5
995 100 100 7
945 100 100 7
895 100 100 7
845 100 100 7
795 100 100 7
745 100 100 7
695 100 100 7
645 100 100 7
595 100 100 7
525 100 100 5
425 100 100 5
325 100 100 5
225 100 100 5
135 100 100 7
90 100 100 1
85 100 100 7
35 100 100 7
5 100 100 7
10 100 100 6
10 100 100 6
10 100 100 6
10 100 100 6
10 100 100 6
10 100 100 6
10 100 100 6
0 100 100 5
100 100 100 6
200 100 100 6
210 100 100 5
110 100 100 5
10 100 100 5
0 100 100 3
5 80 100 7
0 80 100 1
5 80 100 7
5 80 100 7
5 80 100 7
5 80 100 7
0 81 100 5
0 83 100 1
0 83 100 5
30 85 100 7
80 87 100 7
90 89 100 5
90 91 100 5
90 92 100 7
140 94 100 7
165 96 100 5
165 98 100 5
165 100 100 5
165 100 100 0
170 85 100 5
190 85 100 5
160 86 100 5
110 88 100 5
60 90 100 5
20 92 100 0
20 77 100 5
20 77 100 7
20 78 100 7
40 80 100 6
90 82 100 7
90 84 100 7
65 86 100 5
15 88 100 0
55 73 100 5
15 73 100 7
15 74 100 7
0 76 100 0
0 61 100 7
10 61 100 7
35 62 100 0
60 47 100 7
110 47 100 7
115 47 100 0
160 32 100 7
210 32 100 7
235 34 100 5
235 36 100 5
235 38 100 5
235 40 100 5
235 42 80 5
235 43 80 5
235 45 80 5
235 47 80 5
235 49 80 5
235 52 60 5
235 54 60 5
235 56 60 5
235 58 60 5
235 60 40 5
235 62 40 5
235 65 40 5
235 66 40 5
225 69 41 5
175 71 43 5
125 74 46 5
85 75 47 0
85 60 48 7
85 60 50 7
85 61 51 0
85 46 52 7
85 46 54 7
85 46 55 0
85 31 56 7
75 31 58 5
40 33 60 7
40 34 61 0
40 19 63 7
40 20 65 7
40 20 65 0
40 5 67 7
40 5 68 0
40 6 69 7
40 7 70 0
35 8 71 7
35 10 73 7
40 10 73 0
35 12 75 7
35 13 76 0
35 14 77 7
35 16 79 7
40 16 79 0
35 1 81 7
35 1 81 0
40 2 83 7
40 4 85 7
35 4 85 0
40 5 86 7
35 6 87 0
40 7 88 7
40 9 90 7
35 9 90 0
40 11 92 7
35 13 94 0
40 13 94 7
40 15 96 7
40 17 98 0
40 2 98 7
40 2 100 7
35 3 100 0
40 3 100 7
40 5 100 7
35 6 100 0
20 8 100 7
0 9 100 0
30 10 100 7
75 12 100 0
80 12 100 7
130 14 100 7
180 17 100 7
195 19 100 5
195 21 100 5
195 23 100 5
195 25 100 5
195 26 100 2
150 28 85 5
100 30 65 5
55 32 65 5
10 34 65 5
45 37 65 6
90 39 66 6
145 41 68 6
190 43 54 6
240 45 54 6
300 47 19 6
315 50 19 5
260 51 19 5
200 53 19 5
145 55 20 5
105 57 7 5
60 59 7 0
100 44 7 5
105 44 9 7
110 44 10 0
115 29 11 7
125 29 12 7
160 30 14 0
175 15 14 7
225 15 16 5
235 16 18 5
235 18 20 5
235 20 22 5
235 22 24 5
235 24 26 5
200 26 28 5
150 28 30 5
100 30 32 5
50 32 34 5
25 34 36 0
25 19 37 7
25 19 39 7
25 20 40 0
25 5 41 7
25 5 43 7
25 6 44 0
25 7 45 7
25 9 47 0
25 9 47 7
25 11 49 7
25 12 50 0
25 13 51 7
25 15 53 0
65 0 53 7
25 0 55 7
25 1 57 0
25 1 57 7
25 3 59 7
25 5 61 7
25 7 63 0
25 8 64 7
25 10 66 7
25 11 67 0
25 12 68 7
25 14 70 7
25 15 71 0
1040 100 100 7
1040 100 100 7
1040 100 100 7
1040 100 100 7
1040 100 100 7
1040 100 100 7
1040 100 100 7
1040 100 100 7
1040 100 100 7
1040 100 100 7
1040 100 100 7
1040 100 100 7
1040 100 100 7
1040 100 100 7
1040 100 100 7
1040 100 100 7
1040 100 100 7
1040 100 100 7
1040 100 100 7
1040 100 100 7
1040 100 100 7
1040 100 100 7
1040 100 100 7
1040 100 100 7
1040 100 100 7
1040 100 100 7
1040 100 100 7
1040 100 100 7
1040 100 100 7
1040 100 100 7
1040 100 100 7
1040 100 100 7
1040 100 100 7
1040 100 100 7
1040 100 100 7
1040 100 100 7
1040 100 100 7
1040 100 100 7
1040 100 100 7
1040 100 100 7
1040 100 100 7
1040 100 100 7
1040 100 100 7
1040 100 100 7
1040 100 100 7
1040 100 100 7
1040 100 100 7
1040 100 100 7
1040 100 100 7
1040 100 100 7
1040 100 100 7
1040 100 100 7
1040 100 100 7
1040 100 100 7
1040 100 100 7
1040 100 100 7
1040 100 100 7
1040 100 100 7
1040 100 100 7
1040 100 100 7
1040 100 100 7
1040 100 100 7
1040 100 100 7
1040 100 100 7
1040 100 100 7
1040 100 100 7
1040 100 100 7
1040 100 100 7
1040 100 100 7
1040 100 100 7
1040 100 100 7
1040 100 100 7
1040 100 100 7
1040 100 100 7
1040 100 100 7
1040 100 100 7
1040 100 100 7
1040 100 100 7
1040 100 100 7
1040 100 100 7
1040 100 100 7
1040 100 100 7
1040 100 100 7
1040 100 100 7
1040 100 100 7
1040 100 100 7
1040 100 100 7
1040 100 100 7
1040 100 100 7
1040 100 100 7
1040 100 100 7
1040 100 100 7
1040 100 100 7
1040 100 100 7
1040 100 100 7
1040 100 100 7
1040 100 100 7
1040 100 100 7
1040 100 100 7
1040 100 100 7
1040 100 100 7
1040 100 100 7
1040 100 100 7
1040 100 100 7
1050 100 100 6
1050 100 100 6
1050 100 100 6
1050 100 100 6
1035 100 100 5
1010 100 100 5
985 100 100 5
960 100 100 5
935 100 100 5
910 100 100 5
885 100 100 5
860 100 100 5
835 100 100 5
810 100 100 5
800 100 100 6
825 100 100 6
850 100 100 6
875 100 100 5
850 100 100 5
825 100 100 5
810 100 100 7
820 100 100 6
845 100 100 6
870 100 100 6
865 100 100 5
840 100 100 5
810 100 100 5
760 100 100 5
710 100 100 5
660 100 100 5
610 100 100 5
560 100 100 5
510 100 100 5
460 100 100 5
410 100 100 5
360 100 100 5
360 100 100 3
315 100 80 7
335 100 80 6
340 100 80 3
360 80 80 6
385 80 80 6
385 80 80 3
435 80 80 6
485 80 80 6
535 80 80 6
565 80 80 6
575 80 80 4
580 80 80 4
585 80 80 4
590 80 80 6
590 80 80 4
595 80 80 4
600 78 80 4
605 78 80 4
610 78 80 4
615 80 78 6
615 78 80 4
620 78 80 4
625 76 80 4
630 76 80 4
635 76 80 4
630 80 76 5
630 76 80 4
625 76 80 4
620 74 81 4
595 81 74 5
545 82 75 5
495 83 76 5
445 84 77 5
395 85 78 5
345 86 79 5
295 87 80 5
245 88 81 5
195 89 82 5
145 90 83 5
95 91 84 5
45 92 85 5
10 93 86 3
5 73 86 7
5 86 73 3
20 73 66 7
20 73 66 7
20 73 66 1
20 73 66 7
20 66 73 3
20 73 66 7
20 73 66 7
20 73 66 7
20 73 66 7
20 73 66 7
20 73 66 7
20 73 66 1
20 74 67 7
20 75 68 7
20 68 75 3
20 76 48 7
20 77 48 5
5 78 48 6
30 79 48 6
70 80 48 6
120 81 48 6
170 82 48 6
180 83 48 5
180 84 48 5
180 85 49 5
180 86 50 5
170 87 51 5
180 88 52 6
205 89 53 6
205 90 54 6
205 91 55 5
175 92 56 5
130 93 57 5
80 94 58 5
45 95 59 5
20 96 60 5
5 97 61 7
5 98 62 0
5 62 83 7
5 63 83 7
5 64 83 7
5 65 83 7
5 66 84 7
5 84 66 0
5 67 69 7
5 68 69 7
5 69 69 7
5 69 70 0
5 71 54 7
5 72 54 7
5 73 54 7
0 74 54 7
25 75 55 7
50 76 56 7
65 77 57 7
65 78 58 7
65 79 59 7
55 80 60 7
30 82 62 7
25 83 63 7
25 84 64 7
25 85 65 7
25 86 66 7
25 87 67 7
25 67 87 0
65 88 52 7
65 89 52 7
65 90 52 7
65 91 53 7
65 53 91 0
105 92 38 7
105 93 38 7
105 94 38 7
105 39 95 0
105 95 24 7
105 96 24 7
105 97 24 7
105 24 97 0
105 98 25 7
105 99 26 7
105 100 27 7
100 100 27 7
75 100 28 7
50 100 29 7
25 100 30 7
15 100 31 7
15 32 100 0
55 100 17 7
55 100 17 7
55 100 17 7
55 17 100 0
95 100 2 7
95 100 2 7
95 100 2 7
95 100 2 7
95 2 100 0
95 100 3 7
95 100 4 7
95 100 5 7
95 100 6 7
95 100 7 7
95 100 8 7
95 100 9 7
95 100 10 7
95 100 10 7
95 100 11 7
95 100 12 7
95 100 14 7
95 100 15 7
95 100 16 7
95 100 17 7
95 100 18 7
95 100 19 7
95 100 19 7
95 100 20 7
95 100 21 0
95 21 85 7
95 23 85 7
95 23 85 7
95 24 85 7
95 85 24 0
95 25 70 7
105 26 70 6
130 27 70 6
155 28 71 6
165 29 72 7
155 30 73 7
130 31 74 7
110 32 75 7
110 33 76 7
110 34 77 7
110 35 78 7
110 36 79 7
110 37 80 7
85 39 82 7
55 40 83 5
25 42 85 5
20 43 86 7
20 86 43 0
60 44 71 7
60 45 71 7
60 46 71 7
60 47 72 7
60 48 73 7
40 49 74 7
30 50 75 7
30 51 76 7
30 52 77 7
30 53 78 7
30 54 79 7
30 55 80 7
30 56 81 7
30 57 82 7
30 58 83 7
30 59 84 7
25 59 84 7
0 60 85 7
25 61 86 7
30 62 87 7
30 88 63 0
30 63 73 7
30 64 73 7
30 65 73 7
30 66 74 7
30 67 75 7
30 68 76 7
35 69 77 6
60 70 78 6
85 71 79 6
110 72 80 6
105 73 81 7
80 74 82 7
55 75 83 7
30 76 84 7
5 77 85 7
20 78 86 6
70 79 87 6
110 80 88 6
120 81 89 7
120 82 90 7
120 83 91 7
120 84 92 7
120 85 93 7
110 86 94 5
95 87 95 7
95 88 96 7
95 89 97 7
95 90 98 7
95 90 98 7
75 92 100 7
50 93 100 7
45 94 100 7
45 95 100 7
45 95 100 7
45 100 96 0
85 96 85 7
85 97 85 7
85 98 85 7
85 99 85 7
85 86 100 0
85 100 71 7
85 100 71 7
85 100 71 7
85 100 71 7
85 100 72 7
85 100 74 7
85 100 75 7
85 100 75 7
85 100 76 7
65 100 78 7
45 100 80 7
45 100 81 7
45 100 81 1
45 100 82 7
45 100 83 7
45 100 84 7
45 100 85 7
45 100 86 7
45 100 87 7
45 100 88 7
45 100 89 7
45 100 90 7
45 100 91 7
65 100 92 6
90 100 93 6
115 100 94 6
110 100 95 7
75 100 96 5
25 100 97 5
20 100 98 7
45 100 99 7
70 100 100 7
80 100 100 7
80 100 100 7
80 100 100 7
80 100 100 7
80 100 100 7
80 100 100 7
80 100 100 7
50 100 100 5
0 100 100 5
50 100 100 6
80 100 100 6
80 100 100 5
55 100 100 5
35 100 100 7
35 100 100 7
35 100 100 7
35 100 100 7
35 100 100 7
35 100 100 7
35 100 100 7
35 100 100 7
35 100 100 7
35 100 100 7
35 100 100 7
35 100 100 7
35 100 100 0
75 85 100 7
75 85 100 7
75 85 100 7
75 85 100 7
75 86 100 7
75 87 100 7
75 88 100 7
75 89 100 7
75 90 100 7
75 91 100 7
75 92 100 7
75 93 100 7
75 94 100 7
75 95 100 7
75 97 100 7
75 98 100 0
115 83 100 7
115 83 100 7
115 83 100 7
115 84 100 7
115 85 100 7
115 85 100 0
115 70 100 7
115 70 100 7
115 70 100 7
115 70 100 7
115 71 100 7
115 72 100 7
115 73 100 7
95 74 100 5
70 75 100 5
45 76 100 5
25 77 100 7
25 77 100 0
65 62 100 7
65 62 100 7
65 62 100 7
65 62 100 7
65 62 100 0
105 47 100 7
105 47 100 7
105 47 100 7
105 47 100 0
105 32 100 7
105 32 100 7
105 32 100 7
105 32 100 7
105 33 100 7
100 34 100 7
75 35 100 7
50 36 100 7
45 37 100 7
45 38 100 7
45 39 100 7
45 40 100 7
45 41 100 7
45 43 100 7
45 44 100 7
45 45 100 7
45 46 100 7
45 47 100 7
45 48 100 7
45 49 100 7
45 50 100 7
45 51 100 7
45 52 100 7
45 53 100 7
45 54 100 7
45 100 55 2
45 55 100 7
45 56 100 7
45 57 100 7
45 57 100 7
45 58 100 7
45 59 100 7
45 60 100 7
45 61 100 7
45 62 100 7
45 63 100 7
45 65 100 7
45 66 100 7
45 67 100 7
45 68 100 7
45 69 100 7
45 70 100 7
45 71 100 7
45 72 100 7
45 73 100 7
45 74 100 7
45 75 100 7
45 76 100 7
45 77 100 7
45 78 100 7
45 79 100 7
45 80 100 7
45 81 100 5
20 82 100 5
5 83 100 7
5 84 100 0
45 69 100 7
45 69 100 7
45 69 100 7
45 70 100 7
45 70 100 7
45 71 100 0
85 56 100 7
85 56 100 7
85 56 100 7
85 56 100 0
85 41 100 7
85 41 100 7
85 41 100 7
85 41 100 7
85 41 100 0
85 26 100 7
85 26 100 7
85 26 100 7
85 27 100 7
85 28 100 7
85 29 100 7
85 30 100 7
85 31 100 7
85 32 100 7
85 33 100 7
85 34 100 7
85 35 100 7
85 100 35 1
85 36 100 7
85 37 100 7
85 38 100 7
85 39 100 0
85 24 100 7
85 24 100 7
85 24 100 7
85 24 100 7
85 25 100 7
85 26 100 0
85 11 100 7
85 11 100 7
85 11 100 7
85 11 100 7
85 12 100 7
65 13 100 5
40 14 100 5
15 15 100 5
5 16 100 7
5 17 100 7
5 18 100 0
45 3 100 7
45 3 100 7
45 3 100 7
45 3 100 7
45 4 100 7
45 4 100 0
45 5 100 7
45 6 100 7
45 7 100 0
45 7 100 7
45 8 100 7
45 9 100 7
45 10 100 7
45 11 100 0
45 11 100 7
45 12 100 7
45 14 100 7
30 15 100 5
5 16 100 5
0 17 100 7
0 17 100 0
0 2 100 7
0 2 100 7
0 2 100 7
0 3 100 7
0 3 100 0
0 4 100 7
0 5 100 7
0 6 100 7
10 7 100 6
35 8 100 6
50 10 100 7
50 11 100 7
50 11 100 0
50 12 100 7
50 13 100 7
50 14 100 7
50 15 100 7
50 16 100 7
35 18 100 5
10 18 100 5
15 19 100 6
20 21 100 7
20 22 100 0
20 100 7 7
20 100 7 7
20 100 7 7
20 100 7 7
20 8 100 0
20 100 8 7
20 100 8 7
20 100 9 7
20 100 10 7
10 100 11 7
15 100 12 7
40 100 13 7
65 100 14 7
90 100 15 7
115 100 17 7
140 100 18 7
115 100 18 7
90 100 20 7
90 100 21 7
90 100 22 7
90 100 23 7
90 100 24 7
70 100 25 7
45 100 26 7
40 100 27 7
40 100 28 7
40 100 29 7
40 29 100 0
80 100 14 7
80 100 14 7
80 14 100 0
80 100 14 7
80 100 15 7
80 100 16 7
80 100 17 7
80 17 100 0
80 100 2 7
80 100 2 7
80 100 2 7
60 100 3 7
40 100 4 7
40 100 6 7
40 7 100 0
40 100 7 7
40 100 8 7
40 100 9 7
40 100 9 7
40 100 10 7
40 11 100 0
40 100 11 7
40 100 12 7
40 100 13 7
40 100 14 7
40 100 15 7
40 16 100 0
80 100 1 7
80 100 1 7
80 100 1 7
80 100 2 7
80 2 100 0
80 100 3 7
80 100 4 7
80 100 5 7
80 6 100 0
80 100 6 7
80 100 7 7
80 100 8 7
80 100 9 7
80 10 100 0
80 100 10 7
80 100 11 7
80 100 12 7
80 100 13 7
80 14 100 0
80 100 14 7
80 100 15 7
80 100 16 7
80 100 16 7
80 17 100 0
80 100 2 7
80 100 2 7
80 100 2 7
80 3 100 0
80 100 3 7
80 100 4 7
80 100 5 7
80 6 100 0
80 100 6 7
80 100 8 7
80 100 9 7
65 100 10 7
40 100 11 7
40 100 13 7
40 14 100 0
40 100 14 7
40 100 15 7
40 100 16 7
40 100 17 7
40 18 100 0
80 100 3 7
80 100 3 7
80 100 3 7
80 100 3 7
80 100 4 7
80 5 100 0
80 100 5 7
80 100 6 7
80 100 8 7
80 8 100 0
80 100 8 7
80 100 9 7
80 100 10 7
80 100 11 7
80 100 12 7
65 100 13 7
40 100 14 7
20 100 15 7
20 100 16 7
20 17 100 0
20 100 2 7
60 100 2 7
60 100 2 7
60 100 2 7
60 100 3 7
60 3 100 0
60 100 4 7
60 100 5 7
60 100 6 7
60 100 7 7
60 7 100 0
60 100 8 7
60 100 9 7
60 100 10 7
60 10 100 0
60 100 11 7
60 100 11 7
60 100 13 7
45 100 14 7
25 100 16 7
25 17 100 0
25 100 2 7
995 100 100 7
945 100 100 7
895 100 100 7
845 100 100 7
795 100 100 7
745 100 100 7
695 100 100 7
645 100 100 7
595 100 100 7
545 100 100 7
495 100 100 7
445 100 100 7
395 100 100 7
345 100 100 7
295 100 100 7
245 100 100 7
195 100 100 7
145 100 100 7
95 100 100 7
45 100 100 7
5 100 100 7
5 100 100 7
5 100 100 7
5 100 100 7
5 100 100 7
5 100 100 7
5 100 100 7
5 100 100 7
5 100 100 7
5 100 100 7
5 100 100 7
5 100 100 7
5 100 100 7
5 100 100 7
5 100 100 7
5 100 100 7
45 100 100 7
95 100 100 7
145 100 100 7
195 100 100 7
245 100 100 7
295 100 100 7
315 100 100 5
315 100 100 3
315 80 100 5
315 80 100 5
315 80 100 5
315 80 100 5
315 80 100 5
315 82 100 5
315 84 100 5
315 87 100 5
315 89 100 5
315 91 100 5
320 93 100 7
280 95 100 7
230 97 100 7
185 100 100 1
180 100 100 7
130 100 100 7
80 100 100 7
30 100 100 7
5 100 100 6
0 100 100 7
0 100 100 7
50 100 100 7
60 100 100 5
60 100 100 5
60 100 100 5
60 100 100 5
60 100 100 5
60 100 100 5
60 100 100 0
115 85 100 7
165 85 100 7
205 86 100 5
205 88 100 5
200 90 100 5
150 92 100 5
100 94 100 5
50 96 100 5
20 98 100 0
20 83 100 7
20 83 100 7
20 83 100 0
20 68 100 7
20 68 100 7
20 69 100 0
20 54 100 7
20 54 100 7
20 55 100 0
20 40 100 7
20 41 100 7
20 42 100 0
60 27 100 7
20 27 100 7
20 28 80 0
20 13 80 7
20 13 80 7
20 14 80 0
20 14 80 7
20 17 80 7
20 18 81 0
20 3 81 7
20 3 83 7
20 4 85 0
20 4 85 7
20 6 87 7
20 7 88 0
20 8 89 7
20 10 91 7
20 12 93 7
20 13 94 0
20 15 74 7
20 16 74 7
20 17 74 0
20 2 74 7
20 2 74 7
20 3 54 0
20 4 54 7
20 6 54 7
20 7 54 0
20 8 54 7
20 10 54 7
20 10 54 0
20 12 34 7
20 14 34 7
20 15 34 0
20 0 34 7
20 0 34 7
20 1 34 0
20 2 34 7
20 4 14 7
20 5 14 0
20 6 14 7
20 8 14 7
20 8 14 0
20 10 14 7
20 12 15 7
20 13 16 0
20 14 17 7
20 16 19 7
20 17 20 0
20 2 21 7
20 2 23 7
20 3 21 0
20 4 19 7
20 6 15 7
20 6 15 0
20 7 13 7
20 9 9 7
20 10 7 0
20 11 5 7
20 14 0 0
15 14 0 7
5 16 2 7
5 17 3 7
5 18 4 0
25 3 5 7
75 3 7 7
85 4 8 0
125 5 9 7
175 7 11 7
190 8 12 0
225 9 13 7
275 11 15 7
280 13 17 5
280 15 19 5
280 17 21 5
280 19 23 5
280 21 25 5
280 23 27 5
280 25 29 5
280 26 30 5
280 28 32 3
280 8 32 5
280 8 34 5
280 8 37 5
280 8 38 4
280 8 38 4
280 8 38 4
280 8 39 4
280 8 39 4
280 8 39 4
280 8 39 4
280 8 39 4
280 8 40 4
280 8 40 4
280 8 40 4
280 8 40 4
280 8 40 4
280 8 41 4
280 8 41 4
280 8 41 4
280 8 41 4
285 8 41 4
290 9 42 4
295 9 42 4
300 9 42 4
305 9 42 4
310 9 42 4
315 9 42 4
320 10 43 4
325 10 43 4
330 10 43 4
335 10 43 4
340 11 44 4
345 11 44 4
350 11 44 4
355 11 44 4
360 12 45 4
360 12 45 4
360 12 45 4
360 12 45 5
360 14 47 5
320 17 50 5
270 19 52 5
220 21 54 5
170 23 56 5
120 24 57 5
70 26 59 5
50 27 60 0
50 12 62 7
50 13 64 7
50 13 64 0
50 15 66 7
50 17 68 7
50 17 68 0
50 2 70 7
50 3 72 7
50 3 72 0
50 5 74 7
50 6 75 7
50 7 76 0
50 8 77 7
50 10 79 7
50 12 81 7
50 14 83 0
50 14 83 7
50 16 85 7
50 18 87 0
50 3 88 7
50 3 90 7
50 3 90 0
50 5 92 7
50 7 94 7
50 7 94 0
50 9 96 7
50 11 98 7
50 11 98 0
50 13 100 7
50 15 100 0
1025 100 100 7
975 100 100 7
925 100 100 7
875 100 100 7
825 100 100 7
775 100 100 7
725 100 100 7
675 100 100 7
665 100 100 3
625 80 100 7
575 80 100 7
495 80 80 5
445 80 80 5
395 82 80 5
435 85 80 7
445 87 81 6
445 89 83 6
385 91 85 5
285 93 87 5
185 94 88 5
100 96 90 6
100 98 92 6
100 100 94 6
115 100 81 5
105 100 81 5
50 100 82 5
40 100 84 6
85 100 71 6
135 100 71 6
185 100 72 6
235 100 74 6
280 100 75 6
280 100 78 6
280 100 80 6
280 100 80 0
235 85 61 6
305 85 61 6
405 88 61 6
505 90 61 6
505 92 61 6
505 95 64 6
435 97 66 5
335 99 68 5
235 100 70 5
135 100 72 5
100 100 58 5
90 100 58 0
90 85 58 7
90 85 38 7
90 87 38 7
125 89 38 6
170 91 38 7
135 93 23 5
85 96 8 5
90 98 8 0
90 83 8 7
125 83 9 7
175 84 11 7
225 86 13 7
265 88 15 0
275 73 15 7
325 73 17 5
340 75 19 5
305 77 5 5
265 80 6 5
265 82 8 5
265 83 9 5
265 85 11 5
265 88 14 5
225 90 16 5
175 92 18 5
125 94 5 5
75 96 5 5
60 97 6 0
60 82 7 7
60 82 9 7
60 83 10 0
60 68 11 7
60 68 13 7
60 69 14 0
60 54 15 7
60 54 17 5
10 56 19 5
5 58 5 7
5 59 5 0
5 44 5 7
5 44 7 7
5 46 9 0
5 31 9 7
5 31 11 7
5 32 12 0
5 17 13 7
5 17 15 0
5 17 16 7
5 19 18 7
30 22 5 6
80 24 5 6
130 26 7 6
110 28 9 5
60 30 11 5
50 31 12 0
50 16 13 7
50 16 15 7
50 17 16 0
50 2 17 7
50 2 19 7
50 4 5 0
50 4 5 7
50 6 5 7
50 8 7 7
50 10 9 0
50 10 9 7
50 12 11 7
50 13 12 0
50 15 14 7
50 16 15 0
50 1 16 7
50 1 18 7
50 2 19 3
50 3 20 7
50 5 22 7
95 6 23 6
145 8 25 6
195 11 28 6
245 14 31 6
205 16 33 5
155 18 35 5
105 20 37 5
55 21 38 5
20 23 40 0
20 8 40 7
20 8 42 7
20 8 43 0
20 9 44 7
20 11 46 7
20 12 47 0
20 13 48 7
20 15 50 7
20 15 50 0
20 0 52 7
20 1 54 0
20 1 54 7
20 3 56 7
20 4 57 0
20 5 58 7
20 6 59 7
20 7 60 0
20 8 61 7
20 10 63 7
20 11 64 0
20 12 65 7
20 14 67 0
20 14 67 7
20 17 70 7
20 18 71 7
20 20 73 0
20 5 74 7
20 5 77 7
20 6 78 0
20 7 79 7
20 9 81 7
20 10 82 7
20 11 83 0
20 12 84 7
20 14 86 7
20 15 87 0
1040 100 85 7
1030 100 86 7
980 100 88 7
930 100 90 7
880 100 92 7
870 100 94 7
790 100 96 5
690 100 98 5
630 100 100 5
540 100 100 5
440 100 100 5
340 100 100 5
240 100 100 5
140 100 100 5
90 100 100 0
105 85 80 7
55 85 80 7
35 87 80 7
85 89 80 6
155 91 80 6
155 93 82 6
135 95 84 5
115 97 69 5
105 99 54 5
110 100 54 0
110 85 54 7
150 85 56 7
170 85 56 0
200 70 58 7
250 71 60 7
270 71 60 3
300 51 62 7
350 51 63 7
355 51 64 1
360 51 49 7
360 51 50 7
345 52 52 5
255 54 54 5
155 56 56 5
55 58 58 5
5 59 59 0
50 44 60 7
60 44 56 7
75 46 52 6
125 48 48 6
175 49 46 6
215 51 42 5
165 53 38 5
120 55 34 7
120 56 32 2
120 57 33 7
115 59 19 7
155 61 19 6
195 62 17 6
235 64 19 6
265 66 21 5
210 68 8 5
160 70 8 5
120 72 9 5
100 73 10 0
100 58 11 7
115 58 13 7
110 59 14 0
105 44 16 7
100 44 17 0
105 45 18 7
105 47 3 7
50 49 4 5
5 51 6 0
55 36 6 7
65 36 8 7
60 36 8 0
120 37 10 7
120 38 11 0
120 23 12 7
170 23 14 0
175 23 14 7
225 25 16 7
235 27 18 5
235 29 20 5
155 31 22 5
55 33 24 5
45 35 26 6
105 37 11 6
160 38 11 0
165 23 12 6
215 23 14 7
235 25 16 5
235 28 19 5
210 30 5 5
160 32 5 5
160 34 7 5
160 36 9 0
165 21 9 5
215 21 11 5
235 22 13 5
235 24 15 5
235 27 18 5
205 30 5 5
160 32 5 5
160 34 7 5
160 36 9 0
170 21 10 7
220 21 12 5
235 23 14 5
185 25 16 5
135 27 18 5
85 29 5 5
70 30 5 0
70 15 5 5
60 15 6 5
35 16 7 0
35 1 8 7
35 1 10 7
0 3 12 5
50 5 14 0
55 5 14 7
105 7 16 7
155 9 18 7
160 12 5 5
110 14 5 5
105 16 6 5
105 18 8 5
105 20 10 5
105 21 11 3
105 1 12 5
105 1 15 5
105 1 17 5
105 1 19 5
90 2 5 5
40 4 5 5
40 7 8 3
40 7 8 5
40 9 10 5
40 11 12 5
40 13 14 5
40 15 16 5
40 18 19 5
30 20 21 6
95 23 7 6
100 23 7 0
110 8 8 7
140 8 10 0
160 9 11 7
170 11 13 5
170 13 15 5
170 15 17 5
170 17 19 5
145 19 5 5
95 21 5 5
105 23 7 6
205 25 9 3
215 5 9 5
215 5 12 5
215 5 14 5
215 5 16 5
215 5 18 5
205 7 5 5
155 9 5 5
140 11 6 5
140 13 8 5
140 14 9 0
165 15 10 7
195 17 12 7
155 19 14 5
105 21 16 5
55 22 17 5
25 24 19 0
25 9 5 5
25 9 5 7
25 11 7 7
25 13 9 7
25 15 11 7
25 15 11 0
25 0 13 7
25 1 15 0
25 1 15 7
25 3 17 7
25 5 19 0
25 5 19 7
25 7 5 7
25 9 6 6
75 11 8 6
125 13 10 6
175 15 12 6
215 16 13 4
215 14 14 4
215 14 14 4
215 14 14 4
215 14 14 4
215 12 15 4
215 12 15 4
215 12 15 4
215 12 15 4
215 12 15 4
215 10 16 4
215 10 16 4
215 10 16 4
215 10 16 4
215 10 16 4
215 10 16 4
215 8 17 4
215 8 17 4
215 8 17 4
215 8 17 7
255 10 19 6
265 13 22 6
265 15 24 6
265 17 26 6
265 19 28 6
255 21 30 5
155 23 32 5
55 25 34 5
35 25 34 0
110 10 36 7
145 11 22 7
145 11 22 0
145 13 22 7
170 15 8 7
155 17 8 5
145 19 10 5
145 21 12 5
215 23 14 6
315 24 15 6
385 26 17 6
435 29 20 6
485 31 5 6
535 33 6 6
585 35 8 6
635 38 11 6
685 40 13 6
735 42 15 6
695 44 17 5
645 46 19 5
595 48 5 5
545 50 5 5
495 52 7 5
445 54 9 5
395 56 11 5
345 57 12 5
295 59 14 5
245 61 16 5
195 63 18 5
145 65 5 3
140 45 5 5
105 45 5 7
105 45 7 7
105 45 9 7
75 45 11 5
25 47 13 5
25 49 15 6
45 51 17 5
45 51 17 0
130 36 19 7
145 37 5 7
150 39 5 5
150 41 7 5
150 43 9 5
150 45 11 5
150 47 13 5
150 49 15 5
150 51 17 5
150 53 19 5
100 55 21 5
65 57 7 5
40 58 7 3
15 38 7 7
65 38 9 5
65 38 11 5
110 38 13 6
210 38 15 6
220 40 17 7
270 42 19 7
240 44 5 5
200 46 6 5
200 48 8 5
200 50 10 5
200 52 12 5
200 54 14 5
200 56 16 5
160 59 19 5
120 61 5 6
170 64 6 6
200 66 8 5
150 68 10 5
100 71 13 5
70 73 15 6
110 75 17 7
110 75 17 0
110 60 18 7
110 61 5 7
110 61 5 0
110 46 5 7
90 47 7 5
45 49 9 7
45 51 11 0
45 36 11 7
45 36 13 7
45 36 14 0
45 21 15 7
45 21 17 7
45 22 18 0
45 7 19 7
45 7 21 7
45 8 22 0
45 9 23 7
45 11 25 0
45 11 25 7
45 14 28 7
90 16 30 6
140 18 32 6
145 18 32 0
145 3 34 7
130 4 36 5
80 6 38 5
65 8 40 5
15 9 41 5
5 11 43 0
5 11 43 7
5 13 45 7
5 15 47 0
45 0 47 7
5 0 49 7
5 2 52 7
5 4 54 7
5 5 55 0
5 6 56 7
5 7 57 7
5 9 59 7
5 11 61 7
5 12 62 1
5 13 63 7
5 15 65 7
5 16 66 0
1040 100 100 7
1040 100 100 7
1040 100 100 7
1040 100 100 7
1040 100 100 7
1040 100 100 7
1040 100 100 7
1040 100 100 7
1040 100 100 7
1040 100 100 7
1040 100 100 7
1040 100 100 7
1040 100 100 7
1040 100 100 7
1040 100 100 7
1040 100 100 7
1040 100 100 7
1040 100 100 7
1040 100 100 7
1040 100 100 7
1040 100 100 7
1040 100 100 7
1040 100 100 7
1040 100 100 7
1040 100 100 7
1040 100 100 7
1040 100 100 7
1040 100 100 7
1040 100 100 7
1040 100 100 7
1040 100 100 7
1040 100 100 7
1040 100 100 7
1040 100 100 7
1040 100 100 7
1040 100 100 7
1040 100 100 7
1040 100 100 7
1040 100 100 7
1040 100 100 7
1040 100 100 7
1040 100 100 7
1040 100 100 7
1040 100 100 7
1040 100 100 7
1040 100 100 7
1040 100 100 7
1040 100 100 7
1040 100 100 7
1040 100 100 7
1040 100 100 7
1040 100 100 7
1040 100 100 7
1040 100 100 7
1040 100 100 7
1040 100 100 7
1040 100 100 7
1040 100 100 7
1040 100 100 7
1040 100 100 7
1040 100 100 7
1040 100 100 7
1040 100 100 7
1040 100 100 7
1040 100 100 7
1040 100 100 7
1040 100 100 7
1040 100 100 7
1040 100 100 7
1040 100 100 7
1040 100 100 7
1040 100 100 7
1040 100 100 7
1040 100 100 7
1040 100 100 7
1040 100 100 7
1040 100 100 7
1040 100 100 7
1040 100 100 7
1040 100 100 7
1040 100 100 7
1040 100 100 7
1040 100 100 7
1040 100 100 7
1040 100 100 7
1040 100 100 7
1040 100 100 7
1040 100 100 7
1040 100 100 7
1040 100 100 7
1040 100 100 7
1040 100 100 7
1040 100 100 7
1040 100 100 7
1040 100 100 7
1040 100 100 7
1040 100 100 7
1040 100 100 7
1040 100 100 7
1040 100 100 7
1040 100 100 7
1040 100 100 7
1040 100 100 7
1040 100 100 7
1040 100 100 7
1040 100 100 7
1040 100 100 7
1040 100 100 7
1040 100 100 7
1040 100 100 7
1040 100 100 7
1040 100 100 7
1040 100 100 7
1040 100 100 7
1040 100 100 7
1040 100 100 7
1040 100 100 7
1040 100 100 7
1040 100 100 7
1040 100 100 7
1040 100 100 7
1040 100 100 7
1040 100 100 7
1040 100 100 7
1040 100 100 7
1040 100 100 7
1040 100 100 7
1040 100 100 7
1040 100 100 7
1040 100 100 7
1040 100 100 7
1040 100 100 7
1040 100 100 7
1040 100 100 7
1040 100 100 7
1040 100 100 7
1040 100 100 7
1040 100 100 7
1040 100 100 7
1040 100 100 7
1040 100 100 7
1040 100 100 7
1040 100 100 7
1040 100 100 7
1040 100 100 7
1040 100 100 7
1040 100 100 7
1040 100 100 7
1040 100 100 7
1040 100 100 7
1040 100 100 7
1015 100 100 7
990 100 100 7
965 100 100 7
940 100 100 7
915 100 100 7
890 100 100 7
885 100 100 5
885 100 100 5
885 100 100 5
890 100 100 3
905 100 80 7
930 100 80 7
910 100 80 7
895 100 80 3
885 80 80 7
860 80 80 7
835 80 80 7
810 80 80 7
785 80 80 7
760 80 80 7
735 80 82 7
710 80 83 7
685 80 84 7
655 81 85 5
605 83 87 5
555 84 88 5
555 85 89 5
555 87 91 5
555 88 92 5
505 89 93 5
455 90 94 5
405 92 96 5
355 93 97 5
305 94 98 5
295 98 94 3
275 95 78 5
260 78 96 1
250 97 78 5
225 98 78 5
200 99 78 5
160 100 78 5
110 100 78 5
60 100 78 5
15 100 78 7
15 100 78 7
20 100 81 7
45 100 82 7
70 100 84 7
55 100 85 7
30 100 87 7
15 100 89 7
15 91 100 0
15 100 76 7
55 100 76 7
55 76 100 0
95 100 76 7
95 100 76 7
80 100 79 7
55 100 81 7
40 83 100 0
80 100 68 7
80 100 68 7
80 68 100 0
80 100 68 7
80 68 100 0
80 100 53 7
115 100 53 5
90 100 53 5
80 100 54 0
115 54 85 5
95 56 85 7
105 59 85 6
125 61 85 5
100 64 88 5
55 66 90 6
65 68 92 6
70 70 94 5
45 95 71 3
35 71 75 5
10 73 75 7
10 75 75 7
10 76 75 3
10 56 75 7
10 56 75 7
10 56 75 7
10 56 75 6
35 56 75 6
60 56 75 6
85 56 76 6
110 56 78 2
110 78 56 7
140 79 56 7
130 81 58 7
130 83 60 7
155 68 62 7
180 48 64 7
205 48 65 7
220 48 67 7
215 48 69 7
185 48 70 7
175 48 73 7
160 48 75 7
145 48 77 7
185 48 78 7
205 28 80 7
200 28 81 7
175 28 83 7
170 28 85 7
170 28 87 7
150 28 89 7
120 28 91 5
115 28 92 5
135 28 94 5
160 8 96 7
180 8 97 7
205 8 99 7
235 8 100 7
240 8 100 7
210 8 100 7
180 8 100 7
145 8 100 7
110 9 100 7
100 9 100 1
100 10 100 7
95 12 100 7
100 14 100 7
115 15 100 7
150 14 100 5
120 16 100 5
70 17 100 5
20 19 100 5
5 21 100 7
5 22 100 7
5 23 100 0
5 8 100 7
10 8 100 7
15 8 100 0
75 8 100 7
100 9 100 0
105 100 9 5
80 100 11 5
75 11 100 0
65 100 13 7
50 100 15 5
15 100 16 7
10 100 18 6
35 100 20 5
30 20 100 0
50 100 5 5
25 100 5 5
0 100 5 6
5 100 6 3
10 80 7 7
35 80 8 7
50 80 10 7
50 80 12 7
50 80 13 7
50 80 15 7
50 80 17 5
25 80 19 5
0 80 20 6
25 82 22 6
50 84 24 6
75 86 26 6
100 88 28 6
120 89 29 3
125 69 30 6
150 69 32 6
160 69 33 0
160 33 69 7
160 35 69 7
160 37 69 7
180 39 69 7
205 40 69 7
230 42 69 7
255 44 69 7
280 46 70 7
285 71 47 4
285 71 47 4
285 69 48 4
285 69 48 4
285 67 49 4
285 49 67 7
285 67 49 4
285 67 49 4
285 67 49 4
280 50 65 7
255 52 67 7
230 69 54 3
230 54 49 7
205 56 49 7
180 58 49 7
180 59 49 7
195 61 49 7
180 63 49 7
205 65 49 7
185 68 49 7
160 70 49 7
135 72 50 7
110 73 51 7
85 75 53 7
60 77 55 7
35 79 57 7
40 81 59 3
45 59 61 6
65 61 61 3
70 41 61 6
90 41 61 6
90 41 61 6
130 41 61 5
105 41 61 5
90 61 41 4
85 61 41 4
80 41 61 5
80 61 41 4
75 61 41 4
70 61 41 4
65 61 41 4
60 61 41 4
55 41 61 5
55 61 41 4
50 61 41 4
45 61 41 4
40 61 41 4
35 41 61 5
30 41 62 6
55 42 64 6
70 43 65 6
75 45 67 7
75 47 69 7
90 49 71 7
110 51 73 6
125 53 75 7
125 54 76 7
125 56 78 7
125 57 79 7
125 59 81 7
125 61 83 7
125 62 84 7
125 64 86 7
125 66 88 7
130 68 90 6
155 69 91 6
180 71 93 6
190 72 94 7
190 74 96 5
190 76 98 5
175 77 99 5
160 78 100 0
160 63 100 5
160 63 100 5
160 63 100 6
195 63 100 6
245 65 100 6
295 67 100 6
345 68 100 6
360 71 100 5
335 73 100 5
310 74 100 5
285 76 100 5
260 78 100 5
235 81 100 5
210 83 100 5
180 85 100 5
130 86 100 5
80 88 100 5
30 90 100 5
30 91 100 6
35 93 100 7
35 95 100 7
35 95 100 0
35 80 100 7
35 80 100 7
50 80 100 7
60 81 100 7
60 100 82 4
60 100 82 4
60 83 98 7
60 98 83 4
60 98 83 4
60 98 83 4
60 96 84 4
60 96 84 4
60 84 96 7
60 86 98 7
60 86 98 0
80 71 99 7
90 71 100 7
90 71 100 6
135 72 100 6
160 74 100 7
175 76 100 6
225 78 100 6
275 79 100 6
295 81 100 5
270 83 100 5
245 85 100 5
220 86 100 5
195 88 100 5
170 90 100 5
145 91 100 5
120 93 100 5
95 94 100 5
70 96 100 5
45 97 100 5
20 99 100 5
15 100 100 6
35 100 100 7
35 100 100 7
35 100 100 7
25 100 100 5
5 100 100 7
5 100 100 7
5 100 100 7
5 100 100 4
5 100 100 0
5 100 85 4
5 85 98 7
5 98 85 4
45 85 100 7
45 100 85 4
45 100 85 4
45 100 85 4
45 85 98 7
45 98 85 4
45 85 98 0
85 100 85 4
85 86 98 7
85 100 88 4
85 100 88 4
85 89 98 7
85 91 100 7
65 94 100 5
55 95 100 3
65 75 100 6
90 75 100 6
115 75 100 6
140 75 100 6
155 75 100 3
165 75 100 6
180 75 100 5
170 75 100 4
170 75 100 4
170 100 75 7
170 75 100 4
170 75 100 4
170 75 100 4
170 75 100 4
170 75 100 4
170 100 75 7
180 100 75 7
180 100 78 7
180 100 81 7
180 100 84 7
180 100 87 7
180 100 89 7
180 100 92 7
180 100 95 7
180 100 97 7
180 100 99 7
180 100 100 7
180 100 100 7
180 100 100 7
180 100 100 7
180 100 100 7
180 100 100 7
180 100 100 7
180 100 100 7
180 100 100 7
180 100 100 7
180 100 100 7
180 100 100 7
180 100 100 7
180 100 100 7
180 100 100 7
180 100 100 7
180 100 100 7
180 100 100 7
180 100 100 7
180 100 100 7
180 100 100 7
180 100 100 7
180 100 100 7
180 100 100 7
180 100 100 7
180 100 100 7
180 100 100 7
180 100 100 7
180 100 100 7
180 100 100 7
180 100 100 7
180 100 100 7
180 100 100 7
180 100 100 7
180 100 100 7
180 100 100 7
180 100 100 7
180 100 100 7
180 100 100 7
180 100 100 7
180 100 100 7
180 100 100 7
180 100 100 7
180 100 100 7
180 100 100 7
180 100 100 7
180 100 100 7
180 100 100 7
180 100 100 7
180 100 100 7
180 100 100 7
180 100 100 7
180 100 100 7
180 100 100 7
180 100 100 7
180 100 100 7
180 100 100 7
180 100 100 7
180 100 100 7
180 100 100 7
180 100 100 7
180 100 100 7
180 100 100 7
180 100 100 7
180 100 100 7
180 100 100 7
180 100 100 7
180 100 100 7
180 100 100 7
180 100 100 7
180 100 100 7
180 100 100 7
180 100 100 7
180 100 100 7
180 100 100 7
180 100 100 7
180 100 100 7
180 100 100 7
180 100 100 7
180 100 100 7
180 100 100 7
180 100 100 7
180 100 100 7
180 100 100 7
180 100 100 7
180 100 100 7
180 100 100 7
180 100 100 7
180 100 100 7
180 100 100 7
180 100 100 7
180 100 100 7
180 100 100 7
180 100 100 7
180 100 100 7
180 100 100 7
180 100 100 7
180 100 100 7
180 100 100 7
180 100 100 7
180 100 100 7
180 100 100 7
180 100 100 7
180 100 100 7
180 100 100 7
180 100 100 7
180 100 100 7
180 100 100 7
180 100 100 7
180 100 100 7
180 100 100 7
180 100 100 7
180 100 100 7
180 100 100 7
180 100 100 7
180 100 100 7
180 100 100 7
180 100 100 7
180 100 100 7
180 100 100 7
180 100 100 7
180 100 100 7
180 100 100 7
180 100 100 7
180 100 100 7
180 100 100 7
180 100 100 7
180 100 100 7
180 100 100 7
180 100 100 7
180 100 100 7
180 100 100 7
180 100 100 7
180 100 100 7
180 100 100 7
180 100 100 7
180 100 100 7
180 100 100 7
180 100 100 7
180 100 100 7
180 100 100 7
180 100 100 7
180 100 100 7
180 100 100 7
180 100 100 7
180 100 100 7
180 100 100 7
180 100 100 7
180 100 100 7
180 100 100 7
180 100 100 7
180 100 100 7
180 100 100 7
180 100 100 7
180 100 100 7
180 100 100 7
180 100 100 7
180 100 100 7
180 100 100 7
180 100 100 7
180 100 100 7
180 100 100 7
180 100 100 7
180 100 100 7
180 100 100 7
180 100 100 7
180 100 100 7
180 100 100 7
180 100 100 7
180 100 100 7
180 100 100 7
180 100 100 7
180 100 100 7
180 100 100 7
180 100 100 7
180 100 100 7
180 100 100 7
180 100 100 7
180 100 100 7
180 100 100 7
180 100 100 7
180 100 100 7
180 100 100 7
180 100 100 7
180 100 100 7
180 100 100 7
180 100 100 7
180 100 100 7
180 100 100 7
180 100 100 7
180 100 100 7
180 100 100 7
180 100 100 7
180 100 100 7
180 100 100 7
180 100 100 7
180 100 100 7
180 100 100 7
180 100 100 7
180 100 100 7
180 100 100 7
180 100 100 7
180 100 100 7
180 100 100 7
180 100 100 7
180 100 100 7
180 100 100 7
180 100 100 7
180 100 100 7
180 100 100 7
180 100 100 7
180 100 100 7
180 100 100 7
180 100 100 7
180 100 100 7
180 100 100 7
180 100 100 7
180 100 100 7
180 100 100 7
180 100 100 7
180 100 100 7
180 100 100 7
180 100 100 7
180 100 100 7
180 100 100 7
180 100 100 7
180 100 100 7
180 100 100 7
180 100 100 7
180 100 100 7
180 100 100 7
180 100 100 7
180 100 100 7
180 100 100 7
180 100 100 7
180 100 100 7
180 100 100 7
180 100 100 7
180 100 100 7
180 100 100 7
180 100 100 7
180 100 100 7
180 100 100 7
180 100 100 7
180 100 100 7
180 100 100 7
180 100 100 7
180 100 100 7
180 100 100 7
180 100 100 7
180 100 100 7
180 100 100 7
180 100 100 7
180 100 100 7
180 100 100 7
180 100 100 7
180 100 100 7
180 100 100 7
180 100 100 7
180 100 100 7
180 100 100 7
180 100 100 7
180 100 100 7
180 100 100 7
180 100 100 7
180 100 100 7
180 100 100 7
180 100 100 7
180 100 100 7
180 100 100 7
180 100 100 7
180 100 100 7
180 100 100 7
180 100 100 7
180 100 100 7
180 100 100 7
180 100 100 7
180 100 100 7
180 100 100 7
180 100 100 7
180 100 100 7
180 100 100 7
180 100 100 7
180 100 100 7
180 100 100 7
180 100 100 7
180 100 100 7
180 100 100 7
180 100 100 7
180 100 100 7
180 100 100 7
180 100 100 7
180 100 100 7
180 100 100 7
180 100 100 7
180 100 100 7
180 100 100 7
180 100 100 7
180 100 100 7
180 100 100 7
180 100 100 7
180 100 100 7
180 100 100 7
180 100 100 7
180 100 100 7
180 100 100 7
180 100 100 7
180 100 100 7
180 100 100 7
180 100 100 7
180 100 100 7
180 100 100 7
180 100 100 7
180 100 100 7
180 100 100 7
180 100 100 7
180 100 100 7
180 100 100 7
180 100 100 7
180 100 100 7
180 100 100 7
180 100 100 7
180 100 100 7
180 100 100 7
180 100 100 7
180 100 100 7
180 100 100 7
180 100 100 7
180 100 100 7
180 100 100 7
180 100 100 7
180 100 100 7
180 100 100 7
180 100 100 7
180 100 100 7
180 100 100 7
180 100 100 7
180 100 100 7
180 100 100 7
180 100 100 7
180 100 100 7
180 100 100 7
180 100 100 7
180 100 100 7
180 100 100 7
180 100 100 7
180 100 100 7
180 100 100 7
180 100 100 7
180 100 100 7
180 100 100 7
180 100 100 7
180 100 100 7
180 100 100 7
180 100 100 7
180 100 100 7
180 100 100 7
180 100 100 7
180 100 100 7
180 100 100 7
180 100 100 7
180 100 100 7
180 100 100 7
180 100 100 7
180 100 100 7
180 100 100 7
180 100 100 7
180 100 100 7
180 100 100 7
180 100 100 7
180 100 100 7
180 100 100 7
180 100 100 7
180 100 100 7
180 100 100 7
180 100 100 7
180 100 100 7
180 100 100 7
180 100 100 7
180 100 100 7
180 100 100 7
180 100 100 7
180 100 100 7
180 100 100 7
180 100 100 7
180 100 100 7
180 100 100 7
180 100 100 7
180 100 100 7
180 100 100 7
180 100 100 7
180 100 100 7
180 100 100 7
180 100 100 7
180 100 100 7
180 100 100 7
180 100 100 7
180 100 100 7
180 100 100 7
180 100 100 7
180 100 100 7
180 100 100 7
180 100 100 7
180 100 100 7
180 100 100 7
180 100 100 7
180 100 100 7
180 100 100 7
180 100 100 7
180 100 100 7
180 100 100 7
180 100 100 7
180 100 100 7
180 100 100 7
180 100 100 7
180 100 100 7
180 100 100 7
180 100 100 7
180 100 100 7
180 100 100 7
180 100 100 7
180 100 100 7
180 100 100 7
180 100 100 7
180 100 100 7
180 100 100 7
180 100 100 7
180 100 100 7
180 100 100 7
180 100 100 7
180 100 100 7
180 100 100 7
180 100 100 7
180 100 100 7
180 100 100 7
180 100 100 7
180 100 100 7
180 100 100 7
180 100 100 7
180 100 100 7
180 100 100 7
180 100 100 7
180 100 100 7
180 100 100 7
180 100 100 7
180 100 100 7
180 100 100 7
180 100 100 7
180 100 100 7
180 100 100 7
180 100 100 7
180 100 100 7
180 100 100 7
180 100 100 7
180 100 100 7
180 100 100 7
180 100 100 7
180 100 100 7
180 100 100 7
180 100 100 7
180 100 100 7
180 100 100 7
180 100 100 7
180 100 100 7
180 100 100 7
180 100 100 7
180 100 100 7
180 100 100 7
180 100 100 7
180 100 100 7
180 100 100 7
180 100 100 7
180 100 100 7
180 100 100 7
180 100 100 7
180 100 100 7
180 100 100 7
180 100 100 7
180 100 100 7
180 100 100 7
180 100 100 7
180 100 100 7
180 100 100 7
180 100 100 7
180 100 100 7
180 100 100 7
180 100 100 7
180 100 100 7
180 100 100 7
180 100 100 7
180 100 100 7
180 100 100 7
180 100 100 7
180 100 100 7
180 100 100 7
180 100 100 7
180 100 100 7
180 100 100 7
180 100 100 7
180 100 100 7
180 100 100 7
180 100 100 7
180 100 100 7
180 100 100 7
180 100 100 7
180 100 100 7
180 100 100 7
180 100 100 7
180 100 100 7
180 100 100 7
180 100 100 7
180 100 100 7
180 100 100 7
180 100 100 7
180 100 100 7
180 100 100 7
180 100 100 7
180 100 100 7
180 100 100 7
180 100 100 7
180 100 100 7
180 100 100 7
180 100 100 7
180 100 100 7
180 100 100 7
180 100 100 7
180 100 100 7
180 100 100 7
180 100 100 7
180 100 100 7
180 100 100 7
180 100 100 7
180 100 100 7
180 100 100 7
180 100 100 7
180 100 100 7
180 100 100 7
180 100 100 7
180 100 100 7
180 100 100 7
180 100 100 7
180 100 100 7
180 100 100 7
180 100 100 7
180 100 100 7
180 100 100 7
180 100 100 7
180 100 100 7
180 100 100 7
180 100 100 7
180 100 100 7
180 100 100 7
180 100 100 7
180 100 100 7
180 100 100 7
180 100 100 7
180 100 100 7
180 100 100 7
180 100 100 7
180 100 100 7
180 100 100 7
180 100 100 7
180 100 100 7
180 100 100 7
180 100 100 7
180 100 100 7
180 100 100 7
180 100 100 7
180 100 100 7
180 100 100 7
180 100 100 7
180 100 100 7
180 100 100 7
180 100 100 7
180 100 100 7
180 100 100 7
180 100 100 7
180 100 100 7
180 100 100 7
180 100 100 7
180 100 100 7
180 100 100 7
180 100 100 7
180 100 100 7
180 100 100 7
180 100 100 7
180 100 100 7
180 100 100 7
180 100 100 7
180 100 100 7
180 100 100 7
180 100 100 7
180 100 100 7
180 100 100 7
180 100 100 7
180 100 100 7
180 100 100 7
180 100 100 7
180 100 100 7
180 100 100 7
180 100 100 7
180 100 100 7
180 100 100 7
180 100 100 7
180 100 100 7
180 100 100 7
180 100 100 7
180 100 100 7
180 100 100 7
180 100 100 7
180 100 100 7
180 100 100 7
180 100 100 7
180 100 100 7
180 100 100 7
180 100 100 7
180 100 100 7
180 100 100 7
180 100 100 7
180 100 100 7
180 100 100 7
180 100 100 7
180 100 100 7
180 100 100 7
180 100 100 7
180 100 100 7
180 100 100 7
180 100 100 7
180 100 100 7
180 100 100 7
180 100 100 7
180 100 100 7
180 100 100 7
180 100 100 7
180 100 100 7
180 100 100 7
180 100 100 7
180 100 100 7
180 100 100 7
180 100 100 7
180 100 100 7
180 100 100 7
180 100 100 7
1040 100 100 7
1040 100 100 7
1040 100 100 7
1085 100 100 7
1085 100 100 7
1085 100 100 7
1090 100 100 7
1090 100 100 7
1090 100 100 7
1090 100 100 7
1090 100 100 7
1090 100 100 7
1090 100 100 7
1090 100 100 7
1090 100 100 7
1045 100 100 7
995 100 100 7
945 100 100 7
895 100 100 7
845 100 100 7
795 100 100 7
745 100 100 7
695 100 100 7
645 100 100 7
595 100 100 7
545 100 100 7
495 100 100 7
445 100 100 7
355 100 100 5
255 100 100 5
175 100 100 3
155 80 100 5
75 80 100 7
5 80 100 5
95 80 100 6
195 80 100 6
295 82 100 6
395 84 100 6
450 87 100 6
500 89 100 6
505 91 100 6
505 94 100 6
445 96 100 5
405 97 100 3
345 77 100 5
265 77 100 6
255 77 100 5
245 77 100 5
245 78 100 5
245 80 100 5
245 82 100 5
245 85 100 5
245 85 100 3
245 65 100 5
155 65 100 5
115 65 100 6
55 65 100 0
35 65 100 5
25 67 100 7
120 69 100 6
150 70 100 0
185 55 100 7
135 55 80 5
35 58 80 5
5 60 80 6
5 62 80 3
0 42 80 7
35 42 80 1
50 42 81 7
100 42 84 7
145 42 87 5
145 42 89 5
145 44 92 5
145 46 94 5
145 49 97 5
145 51 99 5
65 54 100 5
25 58 100 6
5 61 100 6
25 64 100 6
60 66 100 0
80 51 100 7
130 51 100 7
100 54 100 7
50 57 100 7
0 60 100 7
40 64 100 7
90 67 100 7
140 71 100 7
110 75 100 7
60 79 100 7
10 84 100 7
35 89 100 5
35 94 100 5
35 98 100 6
135 100 100 6
225 100 100 3
235 80 100 6
335 80 100 6
385 80 100 5
385 80 100 5
385 80 100 3
400 80 100 1
405 80 100 7
440 83 80 5
440 86 80 5
410 90 80 5
315 93 80 5
215 96 82 5
115 100 86 5
45 100 88 0
70 85 89 7
20 85 72 7
25 87 72 0
30 72 72 7
80 72 72 7
100 74 72 5
100 78 72 5
100 82 75 5
115 86 79 7
140 91 84 5
120 96 89 6
60 100 94 5
0 100 98 7
40 100 100 7
90 100 100 7
140 100 100 7
190 100 100 7
240 100 100 7
320 100 100 6
330 100 100 3
360 80 100 5
360 80 100 5
360 80 100 5
360 80 80 5
360 82 80 5
360 84 80 7
330 87 80 7
280 90 81 7
230 93 84 7
180 96 87 7
120 99 90 5
55 100 92 0
80 85 93 6
70 85 90 7
70 85 88 0
70 70 84 7
70 70 82 3
70 50 78 7
25 50 70 7
70 50 64 6
50 50 58 5
70 52 52 6
120 54 48 6
90 57 42 5
40 61 34 5
10 65 26 7
10 68 20 7
10 70 16 7
10 72 12 7
10 75 6 7
10 78 0 7
10 80 2 7
10 83 5 7
10 85 7 7
10 88 10 7
10 91 13 7
10 94 16 7
10 97 19 7
10 100 22 7
10 100 26 7
10 100 28 7
10 100 30 7
10 100 33 7
10 100 35 7
10 100 38 7
10 100 40 7
10 100 43 7
10 100 45 7
10 100 48 7
10 100 50 7
10 100 53 7
10 100 56 7
10 100 58 7
10 100 61 7
10 100 46 7
10 100 31 7
10 100 31 7
10 100 33 7
10 100 35 7
10 100 38 7
10 100 40 7
10 100 43 7
10 100 45 7
10 100 48 7
10 100 50 7
10 100 52 7
10 100 38 7
10 100 23 7
10 100 23 7
45 100 25 7
95 100 27 7
145 100 30 7
195 100 32 7
245 100 35 7
295 100 38 7
275 100 41 7
225 100 44 7
175 100 47 7
125 100 50 7
75 100 53 7
25 100 56 7
90 100 42 7
90 100 27 7
90 100 27 7
90 100 7 7
90 100 7 7
90 100 7 7
125 100 7 7
175 100 8 7
225 100 11 7
205 100 13 7
155 100 15 7
105 100 17 7
90 100 3 7
90 100 3 7
90 100 6 7
125 100 8 7
175 100 11 7
225 100 13 7
205 100 16 7
155 100 18 7
105 100 20 7
55 100 22 7
5 100 25 7
45 100 27 7
95 100 8 7
145 100 8 7
195 100 8 7
235 100 8 7
235 100 9 7
235 100 11 7
200 100 14 7
150 100 16 7
100 100 18 7
50 100 21 7
0 100 23 7
0 100 25 7
40 100 27 7
90 100 30 7
140 100 32 7
190 100 34 7
240 100 37 7
290 100 39 7
270 100 42 7
220 100 44 7
170 100 46 7
120 100 48 7
70 100 50 7
20 100 53 7
30 100 55 7
80 100 57 7
130 100 59 7
180 100 62 7
230 100 64 7
235 100 67 7
230 100 69 7
230 100 71 7
230 100 73 7
200 100 75 7
150 100 77 7
100 100 80 7
120 100 82 7
170 100 85 7
220 100 87 7
200 100 89 7
150 100 91 7
100 100 93 7
85 100 79 7
85 100 64 7
85 100 64 7
120 100 66 7
170 100 68 7
220 100 71 7
235 100 73 7
235 100 76 7
235 100 78 7
235 100 80 7
235 100 83 7
235 100 85 7
235 100 88 7
235 100 90 7
235 100 92 7
235 100 95 7
235 100 97 7
235 100 100 7
200 100 100 7
150 100 100 7
100 100 100 7
50 100 100 7
0 100 100 7
50 100 100 7
100 100 100 7
150 100 100 7
200 100 100 7
215 100 96 7
215 100 92 7
215 100 88 7
215 100 84 7
215 100 80 7
215 100 76 7
215 100 72 7
215 100 68 7
215 100 64 7
215 100 58 7
215 100 54 7
215 100 48 7
215 100 42 7
215 100 38 7
215 100 34 7
215 100 30 7
215 100 24 7
215 100 20 7
215 100 16 7
215 100 10 7
215 100 4 7
195 100 1 7
145 100 4 7
95 100 7 7
45 100 9 7
5 100 12 7
55 100 15 7
70 100 1 7
70 100 2 7
70 100 4 7
70 100 7 7
70 100 9 7
70 100 11 7
70 100 14 7
70 100 16 7
70 100 18 7
35 100 20 7
5 100 23 7
5 100 25 7
35 100 28 7
85 100 30 7
135 100 32 7
185 100 34 7
235 100 37 7
235 100 39 7
200 100 41 7
150 100 44 7
100 100 46 7
50 100 49 7
0 100 51 7
50 100 53 7
100 100 56 7
150 100 58 7
200 100 61 7
250 100 63 7
300 100 66 7
350 100 68 7
330 100 70 7
280 100 72 7
230 100 75 7
180 100 77 7
130 100 80 7
80 100 82 7
30 100 85 7
20 100 87 7
70 100 89 7
50 100 91 7
0 100 94 7
0 100 96 7
40 100 99 7
90 100 100 7
140 100 100 7
120 100 100 7
70 100 100 7
20 100 100 7
30 100 100 7
80 100 100 7
130 100 100 7
110 100 100 7
60 100 100 7
10 100 100 7
40 100 100 7
90 100 100 7
140 100 100 7
190 100 100 7
240 100 100 7
290 100 100 7
340 100 80 7
390 100 80 7
440 100 80 7
490 100 80 7
540 100 81 7
590 100 84 7
640 100 86 7
690 100 88 7
740 100 91 7
790 100 93 7
840 100 96 7
860 100 98 7
860 100 100 7
860 100 100 7
860 100 100 7
830 100 100 7
780 100 100 7
730 100 100 7
680 100 100 7
630 100 100 7
580 100 100 7
530 100 100 7
480 100 100 7
430 100 100 7
380 100 100 7
330 100 100 7
280 100 100 7
230 100 100 7
180 100 100 7
130 100 100 7
80 100 100 7
30 100 100 7
20 100 100 7
70 100 100 7
120 100 100 7
170 100 100 7
220 100 100 7
230 100 100 7
230 100 100 7
235 100 100 7
235 100 100 7
235 100 100 7
200 100 100 7
150 100 100 7
100 100 100 7
120 100 100 7
170 100 100 7
220 100 100 7
235 100 100 7
235 100 100 7
235 100 100 7
200 100 100 7
150 100 100 7
100 100 100 7
50 100 100 7
0 100 100 7
0 100 100 7
40 100 100 7
90 100 100 7
140 100 100 7
190 100 100 7
240 100 100 7
290 100 100 7
340 100 100 7
390 100 100 7
440 100 100 7
420 100 100 7
370 100 100 7
320 100 100 7
270 100 100 7
220 100 100 7
170 100 100 7
120 100 100 7
70 100 100 7
20 100 100 7
60 100 85 7
85 100 86 7
135 100 89 7
185 100 92 7
235 100 94 7
285 100 98 7
335 100 100 7
385 100 100 7
435 100 100 7
485 100 100 7
535 100 100 7
585 100 100 7
635 100 100 7
685 100 100 7
735 100 100 7
785 100 100 7
835 100 100 7
885 100 100 7
905 100 100 7
905 100 100 7
905 100 100 7
905 100 100 7
905 100 100 7
905 100 100 7
905 100 100 7
905 100 100 7
905 100 100 7
905 100 100 7
905 100 100 7
905 100 100 7
905 100 100 7
905 100 100 7
905 100 100 7
905 100 100 7
905 100 100 7
905 100 100 7
905 100 100 7
905 100 100 7
905 100 100 7
905 100 100 7
905 100 100 7
905 100 100 7
905 100 100 7
905 100 100 7
905 100 100 7
905 100 100 7
905 100 100 7
905 100 100 7
905 100 100 7
905 100 100 7
905 100 100 7
905 100 100 7
905 100 100 7
905 100 100 7
905 100 100 7
905 100 100 7
905 100 100 7
905 100 100 7
905 100 100 7
905 100 100 7
905 100 100 7
905 100 100 7
905 100 100 7
905 100 100 7
905 100 100 7
905 100 100 7
905 100 100 7
905 100 100 7
905 100 100 7
905 100 100 7
905 100 100 7
905 100 100 7
905 100 100 7
905 100 100 7
905 100 100 7
905 100 100 7
905 100 100 7
905 100 100 7
905 100 100 7
905 100 100 7
905 100 100 7
905 100 100 7
905 100 100 7
905 100 100 7
905 100 100 7
905 100 100 7
905 100 100 7
905 100 100 7
905 100 100 7
905 100 100 7
995 100 100 5
970 100 100 5
920 100 100 5
825 100 100 5
725 100 100 5
625 100 100 5
525 100 100 5
475 100 100 3
455 80 100 6
455 80 100 6
385 80 100 5
285 80 100 5
215 80 100 3
185 81 100 5
120 84 100 7
35 87 100 5
5 90 100 0
55 75 100 5
100 75 98 7
100 75 98 0
85 77 92 5
35 80 86 5
5 82 82 0
5 67 80 6
5 67 74 6
50 70 68 6
100 72 64 4
100 70 62 4
100 70 62 4
100 70 62 4
100 68 60 4
100 68 60 4
100 66 58 4
100 66 58 4
100 66 58 4
100 64 56 4
100 64 56 4
100 64 56 4
100 62 54 4
100 62 54 4
100 62 54 4
100 60 52 4
100 60 52 4
100 58 50 4
100 58 50 5
50 61 44 5
15 64 38 0
15 49 36 7
15 49 30 0
15 49 30 7
25 52 24 6
75 55 18 6
125 59 10 6
145 60 8 3
165 40 4 7
165 40 0 1
165 40 1 7
165 40 4 5
85 40 8 5
5 41 12 6
5 41 12 0
0 26 15 0
45 26 16 7
20 28 19 6
0 32 23 6
90 36 27 6
95 39 13 5
45 42 13 5
25 43 14 0
65 28 0 7
65 28 0 0
105 29 0 7
105 30 1 0
105 15 3 7
95 16 6 5
85 20 10 6
110 22 12 3
100 2 13 7
80 2 15 2
65 2 17 7
80 2 0 6
120 2 0 6
170 3 0 6
220 6 0 5
185 9 0 5
125 13 4 5
70 16 7 0
115 1 7 5
125 1 10 0
125 1 10 7
125 3 14 5
70 7 18 5
70 9 3 3
65 10 3 0
55 11 3 7
60 13 3 0
50 14 4 7
60 17 7 0
95 2 7 7
90 2 9 0
125 2 12 7
125 2 12 0
115 5 17 7
85 9 21 5
65 12 1 3
60 13 1 7
55 17 1 4
60 15 1 4
65 15 1 4
70 13 1 4
75 11 1 4
80 11 1 4
85 9 1 4
90 9 1 4
95 9 1 5
125 12 1 3
155 15 1 5
155 19 1 3
165 21 3 7
200 29 11 7
220 31 13 3
250 11 16 7
260 11 17 3
290 11 21 5
290 11 24 5
285 11 29 5
235 13 35 5
185 19 41 5
135 23 45 5
130 26 48 1
140 29 51 6
125 34 56 3
120 14 57 5
110 14 60 1
110 14 61 7
105 14 65 5
70 14 70 2
70 14 71 7
80 14 77 5
75 14 78 0
70 18 82 0
70 3 83 7
70 3 88 7
70 4 90 0
70 7 93 6
120 12 98 0
120 12 98 7
80 17 100 5
45 21 100 7
80 26 100 6
130 32 100 6
165 38 100 5
130 43 100 7
130 47 100 7
130 51 100 7
130 54 100 7
130 58 100 7
130 61 100 7
130 65 100 7
130 68 100 7
130 72 100 7
130 76 100 7
130 79 100 7
130 82 100 7
130 86 100 7
130 89 100 7
130 92 100 7
130 96 100 7
130 100 100 7
130 100 100 7
130 100 100 7
130 100 100 7
130 100 100 7
130 100 100 7
130 100 100 7
130 100 100 7
130 100 100 7
130 100 100 7
130 100 100 7
130 100 100 7
130 100 100 7
130 100 100 7
130 100 100 7
130 100 100 7
130 100 100 7
130 100 100 7
130 100 100 7
130 100 100 7
130 100 100 7
130 100 100 7
130 100 100 7
130 100 100 7
130 100 100 7
130 100 100 7
130 100 100 7
130 100 100 7
130 100 100 7
130 100 100 7
130 100 100 7
130 100 100 7
130 100 100 7
130 100 100 7
130 100 100 7
130 100 100 7
130 100 100 7
130 100 100 7
130 100 100 7
130 100 100 7
130 100 100 7
130 100 100 7
130 100 100 7
130 100 100 7
130 100 100 7
130 100 100 7
130 100 100 7
130 100 100 7
130 100 100 7
130 100 100 7
130 100 100 7
130 100 100 7
130 100 100 7
130 100 100 7
130 100 100 7
130 100 100 7
130 100 100 7
130 100 100 7
130 100 100 7
130 100 100 7
130 100 100 7
130 100 100 7
130 100 100 7
130 100 100 7
130 100 100 7
130 100 100 7
130 100 100 7
130 100 100 7
130 100 100 7
130 100 100 7
130 100 100 7
130 100 100 7
130 100 100 7
130 100 100 7
130 100 100 7
130 100 100 7
130 100 100 7
130 100 100 7
130 100 100 7
130 100 100 7
130 100 100 7
130 100 100 7
130 100 100 7
130 100 100 7
130 100 100 7
130 100 100 7
130 100 100 7
130 100 100 7
130 100 100 7
130 100 100 7
130 100 100 7
130 100 100 7
130 100 100 7
130 100 100 7
130 100 100 7
130 100 100 7
130 100 100 7
130 100 100 7
130 100 100 7
130 100 100 7
130 100 100 7
130 100 100 7
130 100 100 7
130 100 100 7
130 100 100 7
130 100 100 7
130 100 100 7
130 100 100 7
130 100 100 7
130 100 100 7
130 100 100 7
130 100 100 7
130 100 100 7
130 100 100 7
130 100 100 7
130 100 100 7
130 100 100 7
130 100 100 7
130 100 100 7
130 100 100 7
130 100 100 7
130 100 100 7
130 100 100 7
130 100 100 7
130 100 100 7
130 100 100 7
130 100 100 7
130 100 100 7
130 100 100 7
130 100 100 7
130 100 100 7
130 100 100 7
130 100 100 7
130 100 100 7
130 100 100 7
130 100 100 7
130 100 100 7
130 100 100 7
130 100 100 7
130 100 100 7
130 100 100 7
130 100 100 7
130 100 100 7
130 100 100 7
130 100 100 7
130 100 100 7
130 100 100 7
130 100 100 7
130 100 100 7
130 100 100 7
130 100 100 7
130 100 100 7
130 100 100 7
130 100 100 7
130 100 100 7
130 100 100 7
130 100 100 7
130 100 100 7
130 100 100 7
130 100 100 7
130 100 100 7
130 100 100 7
130 100 100 7
130 100 100 7
130 100 100 7
130 100 100 7
130 100 100 7
130 100 100 7
130 100 100 7
130 100 100 7
130 100 100 7
130 100 100 7
130 100 100 7
130 100 100 7
130 100 100 7
130 100 100 7
130 100 100 7
130 100 100 7
130 100 100 7
130 100 100 7
130 100 100 7
130 100 100 7
130 100 100 7
130 100 100 7
130 100 100 7
130 100 100 7
130 100 100 7
130 100 100 7
130 100 100 7
130 100 100 7
130 100 100 7
130 100 100 7
130 100 100 7
130 100 100 7
130 100 100 7
130 100 100 7
130 100 100 7
130 100 100 7
130 100 100 7
130 100 100 7
130 100 100 7
130 100 100 7
130 100 100 7
130 100 100 7
130 100 100 7
130 100 100 7
130 100 100 7
130 100 100 7
130 100 100 7
130 100 100 7
130 100 100 7
130 100 100 7
130 100 100 7
130 100 100 7
130 100 100 7
130 100 100 7
130 100 100 7
130 100 100 7
130 100 100 7
130 100 100 7
130 100 100 7
130 100 100 7
130 100 100 7
130 100 100 7
130 100 100 7
130 100 100 7
130 100 100 7
130 100 100 7
130 100 100 7
130 100 100 7
130 100 100 7
130 100 100 7
130 100 100 7
130 100 100 7
130 100 100 7
130 100 100 7
130 100 100 7
130 100 100 7
130 100 100 7
130 100 100 7
130 100 100 7
130 100 100 7
130 100 100 7
130 100 100 7
130 100 100 7
130 100 100 7
130 100 100 7
130 100 100 7
130 100 100 7
130 100 100 7
130 100 100 7
130 100 100 7
130 100 100 7
130 100 100 7
130 100 100 7
130 100 100 7
130 100 100 7
130 100 100 7
130 100 100 7
130 100 100 7
130 100 100 7
130 100 100 7
130 100 100 7
130 100 100 7
130 100 100 7
130 100 100 7
130 100 100 7
130 100 100 7
130 100 100 7
130 100 100 7
130 100 100 7
130 100 100 7
130 100 100 7
130 100 100 7
130 100 100 7
130 100 100 7
130 100 100 7
130 100 100 7
130 100 100 7
130 100 100 7
130 100 100 7
130 100 100 7
130 100 100 7
130 100 100 7
130 100 100 7
130 100 100 7
130 100 100 7
130 100 100 7
130 100 100 7
130 100 100 7
130 100 100 7
130 100 100 7
130 100 100 7
130 100 100 7
130 100 100 7
130 100 100 7
130 100 100 7
130 100 100 7
130 100 100 7
130 100 100 7
130 100 100 7
130 100 100 7
130 100 100 7
130 100 100 7
130 100 100 7
130 100 100 7
130 100 100 7
130 100 100 7
130 100 100 7
130 100 100 7
130 100 100 7
130 100 100 7
130 100 100 7
130 100 100 7
130 100 100 7
130 100 100 7
130 100 100 7
130 100 100 7
130 100 100 7
130 100 100 7
130 100 100 7
130 100 100 7
130 100 100 7
130 100 100 7
130 100 100 7
130 100 100 7
130 100 100 7
130 100 100 7
130 100 100 7
130 100 100 7
130 100 100 7
130 100 100 7
130 100 100 7
130 100 100 7
130 100 100 7
130 100 100 7
130 100 100 7
130 100 100 7
130 100 100 7
130 100 100 7
130 100 100 7
130 100 100 7
85 100 100 7
80 100 85 7
80 100 70 7
80 100 70 7
80 100 55 7
80 100 40 7
80 100 40 7
80 100 25 7
80 100 10 7
80 100 10 7
80 100 13 7
80 100 0 7
80 100 0 7
80 100 2 7
80 100 5 7
80 100 9 7
80 100 12 7
80 100 0 7
80 100 0 7
80 100 2 7
80 100 5 7
80 100 8 7
80 100 11 7
80 100 0 7
80 100 0 7
80 100 2 7
80 100 4 7
80 100 7 7
80 100 10 7
80 100 13 7
80 100 0 7
80 100 1 7
80 100 5 7
80 100 8 7
80 100 12 7
80 100 0 7
80 100 0 7
80 100 3 7
80 100 5 7
80 100 8 7
80 100 10 7
80 100 13 7
80 100 0 7
80 100 0 7
80 100 2 7
80 100 8 7
80 100 11 7
80 100 15 7
80 100 0 7
80 100 1 7
80 100 5 7
80 100 8 7
80 100 12 7
80 100 0 7
80 100 0 7
80 100 3 7
80 100 6 7
80 100 10 7
80 100 14 7
80 100 0 7
80 100 1 7
80 100 4 7
80 100 6 7
80 100 9 7
80 100 12 7
80 100 0 7
80 100 0 7
80 100 2 7
80 100 5 7
80 100 8 7
80 100 11 7
80 100 0 7
80 100 0 7
80 100 5 7
80 100 12 7
80 100 0 7
80 100 0 7
80 100 7 7
80 100 0 7
80 100 0 7
80 100 3 7
80 100 8 7
80 100 11 7
80 100 14 7
80 100 0 7
80 100 1 7
80 100 4 7
80 100 7 7
80 100 10 7
80 100 14 7
1040 100 100 7
1040 100 100 7
1040 100 100 7
1040 100 100 7
1040 100 100 7
1040 100 100 7
1040 100 100 7
1040 100 100 7
1040 100 100 7
1040 100 100 7
1040 100 100 7
1040 100 100 7
1040 100 100 7
1040 100 100 7
1040 100 100 7
1040 100 100 7
1040 100 100 7
1040 100 100 7
1040 100 100 7
1040 100 100 7
1040 100 100 7
1040 100 100 7
1040 100 100 7
1040 100 100 7
1040 100 100 7
1040 100 100 7
1040 100 100 7
1040 100 100 7
1040 100 100 7
1040 100 100 7
1040 100 100 7
1040 100 100 7
1040 100 100 7
1040 100 100 7
1040 100 100 7
1040 100 100 7
1040 100 100 7
1040 100 100 7
1040 100 100 7
1040 100 100 7
1040 100 100 7
1040 100 100 7
1040 100 100 7
1040 100 100 7
1040 100 100 7
1040 100 100 7
1040 100 100 7
1040 100 100 7
1040 100 100 7
1040 100 100 7
1040 100 100 7
1040 100 100 7
1040 100 100 7
1040 100 100 7
1040 100 100 7
1040 100 100 7
1040 100 100 7
1040 100 100 7
1040 100 100 7
1040 100 100 7
1040 100 100 7
1040 100 100 7
1040 100 100 7
1040 100 100 7
1040 100 100 7
1040 100 100 7
1040 100 100 7
1040 100 100 7
1040 100 100 7
1040 100 100 7
1040 100 100 7
1040 100 100 7
1040 100 100 7
1040 100 100 7
1040 100 100 7
1040 100 100 7
1040 100 100 7
1040 100 100 7
1040 100 100 7
1040 100 100 5
1015 100 100 5
990 100 100 5
965 100 100 5
940 100 100 5
910 100 100 5
860 100 100 7
835 100 100 7
810 100 100 7
770 100 100 5
720 100 100 5
670 100 100 5
620 100 100 5
570 100 100 5
520 100 100 5
470 100 100 5
420 100 100 5
370 100 100 5
320 100 100 5
270 100 100 5
235 100 100 7
220 100 100 7
190 100 100 5
155 100 100 7
110 100 100 7
85 100 100 7
75 100 100 7
75 100 100 7
75 100 100 7
75 100 100 7
75 100 100 7
75 100 100 7
75 100 100 7
75 100 100 7
75 100 100 7
75 100 100 7
75 100 100 7
75 100 100 7
75 100 100 7
75 100 100 7
75 100 100 7
75 100 100 7
75 100 100 7
75 100 100 7
75 100 100 7
75 100 100 1
75 100 100 7
75 100 100 7
75 100 100 7
75 100 100 7
75 100 100 0
75 100 85 7
115 100 85 7
115 100 85 7
115 85 100 0
115 100 85 7
95 100 89 7
80 92 100 0
80 100 77 7
80 100 77 7
80 100 77 7
80 100 77 7
65 80 100 0
65 100 65 7
105 100 65 7
105 100 65 7
105 100 65 7
105 100 69 7
120 100 73 7
110 100 77 7
110 100 80 7
110 100 84 7
110 100 89 7
110 100 92 2
110 100 93 7
110 100 97 7
130 100 100 7
155 100 100 7
175 100 100 6
225 100 100 6
275 100 100 6
325 100 100 6
335 100 100 7
330 100 100 7
355 100 100 5
315 100 100 5
280 100 100 5
295 100 100 7
285 100 100 5
235 100 100 7
200 100 100 7
235 100 100 6
205 100 100 5
155 100 100 5
105 100 100 5
85 100 100 7
85 100 100 7
85 100 100 7
100 100 100 7
125 100 100 7
150 100 100 7
175 100 100 7
200 100 100 7
225 100 100 7
245 100 100 7
220 100 100 7
195 100 100 7
170 100 100 7
165 100 100 6
165 100 100 6
170 100 100 6
195 100 100 6
230 100 100 6
270 100 100 7
280 100 100 5
280 100 100 5
280 100 100 5
280 100 100 5
280 100 100 5
260 100 100 5
210 100 100 5
160 100 100 5
110 100 100 5
60 100 100 3
50 100 80 5
40 100 80 3
30 80 80 7
30 80 80 7
30 80 80 7
15 80 80 5
10 80 80 6
35 80 80 6
55 80 80 5
20 80 80 5
30 80 81 6
80 82 83 6
130 83 84 6
180 85 86 6
230 86 87 6
280 88 89 6
330 90 91 6
380 91 92 6
430 93 94 6
460 95 96 5
410 96 97 5
360 98 99 5
310 100 100 5
260 100 100 5
210 100 100 5
185 100 100 7
185 100 100 7
185 100 100 7
175 100 100 5
130 100 100 5
80 100 100 5
30 100 100 7
25 100 100 7
25 100 100 7
25 100 100 7
25 100 100 7
40 100 100 6
75 100 100 6
125 100 100 6
140 100 100 5
100 100 100 7
95 100 100 7
95 100 100 7
95 100 100 7
95 100 100 7
95 100 100 7
95 100 100 7
95 100 100 7
95 100 100 7
95 100 100 7
95 100 100 7
95 100 100 7
95 100 100 7
95 100 100 7
95 100 100 7
95 100 100 7
95 100 100 7
95 100 100 7
95 100 100 7
95 100 100 7
95 100 100 7
95 100 100 7
95 100 100 7
95 100 100 7
95 100 100 7
95 100 100 7
95 100 100 7
95 100 100 7
95 100 100 7
95 100 100 7
95 100 100 7
95 100 100 7
95 100 100 7
95 100 100 7
95 100 100 7
95 100 100 7
95 100 100 7
95 100 100 7
95 100 100 7
95 100 100 7
95 100 100 7
95 100 100 7
95 100 100 7
95 100 100 7
95 100 100 7
95 100 100 7
95 100 100 7
95 100 100 7
95 100 100 7
95 100 100 7
95 100 100 7
95 100 100 7
95 100 100 7
95 100 100 7
95 100 100 7
95 100 100 7
95 100 100 7
95 100 100 7
95 100 100 7
95 100 100 7
95 100 100 7
95 100 100 7
95 100 100 7
95 100 100 7
95 100 100 7
95 100 100 7
95 100 100 7
95 100 100 7
95 100 100 7
95 100 100 7
95 100 100 7
95 100 100 7
95 100 100 7
95 100 100 7
95 100 100 7
95 100 100 7
95 100 100 7
95 100 100 7
95 100 100 7
95 100 100 7
95 100 100 7
95 100 100 7
95 100 100 7
95 100 100 7
95 100 100 7
95 100 100 7
95 100 100 7
95 100 100 7
95 100 100 7
95 100 100 7
95 100 100 7
95 100 100 7
95 100 100 7
95 100 100 7
95 100 100 7
95 100 100 7
95 100 100 7
95 100 100 7
95 100 100 7
95 100 100 7
95 100 100 7
95 100 100 7
95 100 100 7
95 100 100 7
95 100 100 7
95 100 100 7
95 100 100 7
95 100 100 7
95 100 100 7
95 100 100 7
95 100 100 7
95 100 100 7
95 100 100 7
95 100 100 7
95 100 100 7
95 100 100 7
95 100 100 7
95 100 100 7
95 100 100 7
95 100 100 7
95 100 100 7
95 100 100 7
95 100 100 7
95 100 100 7
95 100 100 7
95 100 100 7
95 100 100 7
95 100 100 7
95 100 100 7
95 100 100 7
95 100 100 7
95 100 100 7
95 100 100 7
95 100 100 7
95 100 100 7
95 100 100 7
95 100 100 7
95 100 100 7
95 100 100 7
95 100 100 7
95 100 100 7
95 100 100 7
95 100 100 7
95 100 100 7
95 100 100 7
95 100 100 7
95 100 100 7
95 100 100 7
95 100 100 7
95 100 100 7
95 100 100 7
95 100 100 7
95 100 100 7
95 100 100 7
95 100 100 7
95 100 100 7
95 100 100 7
95 100 100 7
95 100 100 7
95 100 100 7
95 100 100 7
95 100 100 7
95 100 100 7
95 100 100 7
95 100 100 7
95 100 100 7
95 100 100 7
95 100 100 7
95 100 100 7
95 100 100 7
95 100 100 7
95 100 100 7
95 100 100 7
95 100 100 7
95 100 100 7
95 100 100 7
95 100 100 7
95 100 100 7
95 100 100 7
95 100 100 7
95 100 100 7
95 100 100 7
95 100 100 7
95 100 100 7
95 100 100 7
95 100 100 7
95 100 100 7
95 100 100 7
95 100 100 7
95 100 100 7
95 100 100 7
95 100 100 7
95 100 100 7
95 100 100 7
95 100 100 7
95 100 100 7
95 100 100 7
95 100 100 7
95 100 100 7
95 100 100 7
95 100 100 7
95 100 100 7
95 100 100 7
95 100 100 7
95 100 100 7
95 100 100 7
95 100 100 7
95 100 100 7
95 100 100 7
95 100 100 7
95 100 100 7
95 100 100 7
95 100 100 7
95 100 100 7
95 100 100 7
95 100 100 7
95 100 100 7
95 100 100 7
95 100 100 7
95 100 100 7
95 100 100 7
95 100 100 7
95 100 100 7
95 100 100 7
95 100 100 7
95 100 100 7
95 100 100 7
95 100 100 7
95 100 100 7
95 100 100 7
95 100 100 7
95 100 100 7
95 100 100 7
95 100 100 7
95 100 100 7
95 100 100 7
95 100 100 7
95 100 100 7
95 100 100 7
95 100 100 7
95 100 100 7
95 100 100 7
95 100 100 7
95 100 100 7
95 100 100 7
95 100 100 7
95 100 100 7
95 100 100 7
95 100 100 7
95 100 100 7
95 100 100 7
95 100 100 7
95 100 100 7
95 100 100 7
95 100 100 7
95 100 100 7
95 100 100 7
95 100 100 7
95 100 100 7
95 100 100 7
95 100 100 7
95 100 100 7
95 100 100 7
95 100 100 7
95 100 100 7
95 100 100 7
95 100 100 7
95 100 100 7
95 100 100 7
95 100 100 7
95 100 100 7
95 100 100 7
95 100 100 7
95 100 100 7
95 100 100 7
95 100 100 7
95 100 100 7
95 100 100 7
95 100 100 7
95 100 100 7
95 100 100 7
95 100 100 7
95 100 100 7
95 100 100 7
95 100 100 7
95 100 100 7
95 100 100 7
95 100 100 7
95 100 100 7
95 100 100 7
95 100 100 7
95 100 100 7
95 100 100 7
95 100 100 7
95 100 100 7
95 100 100 7
95 100 100 7
95 100 100 7
95 100 100 7
95 100 100 7
95 100 100 7
95 100 100 7
95 100 100 7
95 100 100 7
95 100 100 7
95 100 100 7
95 100 100 7
95 100 100 7
95 100 100 7
95 100 100 7
95 100 100 7
95 100 100 7
95 100 100 7
95 100 100 7
95 100 100 7
95 100 100 7
95 100 100 7
95 100 100 7
95 100 100 7
95 100 100 7
95 100 100 7
95 100 100 7
95 100 100 7
95 100 100 7
95 100 100 7
95 100 100 7
95 100 100 7
95 100 100 7
95 100 100 7
95 100 100 7
95 100 100 7
95 100 100 7
95 100 100 7
95 100 100 7
95 100 100 7
95 100 100 7
95 100 100 7
95 100 100 7
95 100 100 7
95 100 100 7
95 100 100 7
95 100 100 7
95 100 100 7
95 100 100 7
95 100 100 7
95 100 100 7
95 100 100 7
95 100 100 7
95 100 100 7
95 100 100 7
95 100 100 7
95 100 100 7
95 100 100 7
95 100 100 7
95 100 100 7
95 100 100 7
95 100 100 7
95 100 100 7
95 100 100 7
95 100 100 7
95 100 100 7
95 100 100 7
95 100 100 7
95 100 100 7
95 100 100 7
95 100 100 7
95 100 100 7
95 100 100 7
95 100 100 7
95 100 100 7
95 100 100 7
95 100 100 7
95 100 100 7
95 100 100 7
95 100 100 7
95 100 100 7
95 100 100 7
95 100 100 7
95 100 100 7
95 100 100 7
95 100 100 7
95 100 100 7
95 100 100 7
95 100 100 7
95 100 100 7
95 100 100 7
95 100 100 7
95 100 100 7
95 100 100 7
95 100 100 7
95 100 100 7
95 100 100 7
95 100 100 7
95 100 100 7
95 100 100 7
95 100 100 7
95 100 100 7
95 100 100 7
95 100 100 7
95 100 100 7
95 100 100 7
95 100 100 7
95 100 100 7
95 100 100 7
95 100 100 7
95 100 100 7
95 100 100 7
95 100 100 7
95 100 100 7
95 100 100 7
95 100 100 7
95 100 100 7
95 100 100 7
95 100 100 7
95 100 100 7
95 100 100 7
95 100 100 7
95 100 100 7
95 100 100 7
95 100 100 7
95 100 100 7
95 100 100 7
95 100 100 7
95 100 100 7
95 100 100 7
95 100 100 7
95 100 100 7
95 100 100 7
95 100 100 7
95 100 100 7
95 100 100 7
95 100 100 7
95 100 100 7
95 100 100 7
95 100 100 7
95 100 100 7
95 100 100 7
95 100 100 7
95 100 100 7
95 100 100 7
95 100 100 7
95 100 100 7
95 100 100 7
95 100 100 7
95 100 100 7
95 100 100 7
95 100 100 7
95 100 100 7
95 100 100 7
95 100 100 7
95 100 100 7
95 100 100 7
95 100 100 7
95 100 100 7
95 100 100 7
95 100 100 7
95 100 100 7
95 100 100 7
95 100 100 7
95 100 100 7
95 100 100 7
95 100 100 7
95 100 100 7
95 100 100 7
95 100 100 7
95 100 100 7
95 100 100 7
95 100 100 7
95 100 100 7
95 100 100 7
95 100 100 7
95 100 100 7
95 100 100 7
95 100 100 7
95 100 100 7
95 100 100 7
95 100 100 7
95 100 100 7
95 100 100 7
95 100 100 7
95 100 100 7
95 100 100 7
95 100 100 7
95 100 100 7
95 100 100 7
95 100 100 7
95 100 100 7
95 100 100 7
95 100 100 7
95 100 100 7
95 100 100 7
95 100 100 7
95 100 100 7
95 100 100 7
95 100 100 7
95 100 100 7
95 100 100 7
95 100 100 7
95 100 100 7
95 100 100 7
95 100 100 7
95 100 100 7
95 100 100 7
95 100 100 7
95 100 100 7
95 100 100 7
95 100 100 7
95 100 100 7
95 100 100 7
95 100 100 7
95 100 100 7
95 100 100 7
95 100 100 7
95 100 100 7
95 100 100 7
95 100 100 7
95 100 100 7
95 100 100 7
95 100 100 7
95 100 100 7
95 100 100 7
95 100 100 7
95 100 100 7
95 100 100 7
95 100 100 7
95 100 100 7
95 100 100 7
95 100 100 7
95 100 100 7
95 100 100 7
95 100 100 7
95 100 100 7
95 100 100 7
95 100 100 7
95 100 100 7
95 100 100 7
95 100 100 7
95 100 100 7
95 100 100 7
95 100 100 7
95 100 100 7
95 100 100 7
95 100 100 7
95 100 100 7
95 100 100 7
95 100 100 7
95 100 100 7
95 100 100 7
95 100 100 7
95 100 100 7
95 100 100 7
95 100 100 7
95 100 100 7
95 100 100 7
95 100 100 7
95 100 100 7
95 100 100 7
95 100 100 7
95 100 100 7
95 100 100 7
95 100 100 7
95 100 100 7
95 100 100 7
95 100 100 7
95 100 100 7
95 100 100 7
95 100 100 7
95 100 100 7
95 100 100 7
95 100 100 7
95 100 100 7
95 100 100 7
95 100 100 7
95 100 100 7
95 100 100 7
95 100 100 7
95 100 100 7
95 100 100 7
95 100 100 7
95 100 100 7
95 100 100 7
95 100 100 7
95 100 100 7
95 100 100 7
95 100 100 7
95 100 100 7
95 100 100 7
95 100 100 7
95 100 100 7
95 100 100 7
95 100 100 7
95 100 100 7
95 100 100 7
95 100 100 7
95 100 100 7
95 100 100 7
95 100 100 7
95 100 100 7
95 100 100 7
95 100 100 7
95 100 100 7
95 100 100 7
95 100 100 7
95 100 100 7
95 100 100 7
95 100 100 7
95 100 100 7
95 100 100 7
95 100 100 7
95 100 100 7
95 100 100 7
95 100 100 7
95 100 100 7
95 100 100 7
95 100 100 7
95 100 100 7
95 100 100 7
95 100 100 7
95 100 100 7
95 100 100 7
95 100 100 7
95 100 100 7
95 100 100 7
95 100 100 7
95 100 100 7
95 100 100 7
95 100 100 7
95 100 100 7
95 100 100 7
95 100 100 7
95 100 100 7
95 100 100 7
95 100 100 7
95 100 100 7
95 100 100 7
95 100 100 7
95 100 100 7
95 100 100 7
95 100 100 7
95 100 100 7
95 100 100 7
95 100 100 7
95 100 100 7
95 100 100 7
95 100 100 7
95 100 100 7
95 100 100 7
95 100 100 7
95 100 100 7
95 100 100 7
95 100 100 7
95 100 100 7
95 100 100 7
95 100 100 7
95 100 100 7
95 100 100 7
95 100 100 7
95 100 100 7
95 100 100 7
95 100 100 7
95 100 100 7
95 100 100 7
95 100 100 7
95 100 100 7
95 100 100 7
95 100 100 7
95 100 100 7
95 100 100 7
95 100 100 7
95 100 100 7
95 100 100 7
95 100 100 7
95 100 100 7
95 100 100 7
95 100 100 7
95 100 100 7
95 100 100 7
95 100 100 7
95 100 100 7
95 100 100 7
95 100 100 7
95 100 100 7
95 100 100 7
95 100 100 7
95 100 100 7
95 100 100 7
95 100 100 7
95 100 100 7
95 100 100 7
95 100 100 7
95 100 100 7
95 100 100 7
95 100 100 7
95 100 100 7
95 100 100 7
95 100 100 7
95 100 100 7
95 100 100 7
95 100 100 7
95 100 100 7
95 100 100 7
95 100 100 7
95 100 100 7
95 100 100 7
95 100 100 7
95 100 100 7
95 100 100 7
95 100 100 7
95 100 100 7
95 100 100 7
95 100 100 7
95 100 100 7
95 100 100 7
95 100 100 7
95 100 100 7
95 100 100 7
95 100 100 7
95 100 100 7
95 100 100 7
95 100 100 7
95 100 100 7
95 100 100 7
95 100 100 7
95 100 100 7
95 100 100 7
95 100 100 7
95 100 100 7
95 100 100 7
95 100 100 7
95 100 100 7
95 100 100 7
95 100 100 7
95 100 100 7
95 100 100 7
95 100 100 7
95 100 100 7
95 100 100 7
95 100 100 7
95 100 100 7
95 100 100 7
95 100 100 7
95 100 100 7
95 100 100 7
95 100 100 7
95 100 100 7
95 100 100 7
95 100 100 7
95 100 100 7
95 100 100 7
95 100 100 7
95 100 100 7
95 100 100 7
95 100 100 7
95 100 100 7
95 100 100 7
95 100 100 7
95 100 100 7
95 100 100 7
95 100 100 7
95 100 100 7
95 100 100 7
95 100 100 7
95 100 100 7
95 100 100 7
95 100 100 7
95 100 100 7
95 100 100 7
95 100 100 7
95 100 100 7
95 100 100 7
95 100 100 7
95 100 100 7
95 100 100 7
95 100 100 7
95 100 100 7
95 100 100 7
95 100 100 7
95 100 100 7
95 100 100 7
95 100 100 7
95 100 100 7
95 100 100 7
95 100 100 7
95 100 100 7
95 100 100 7
95 100 100 7
95 100 100 7
95 100 100 7
95 100 100 7
95 100 100 7
95 100 100 7
95 100 100 7
95 100 100 7
95 100 100 7
95 100 100 7
95 100 100 7
95 100 100 7
95 100 100 7
95 100 100 7
95 100 100 7
95 100 100 7
95 100 100 7
95 100 100 7
95 100 100 7
95 100 100 7
95 100 100 7
95 100 100 7
95 100 100 7
95 100 100 7
95 100 100 7
95 100 100 7
95 100 100 7
95 100 100 7
95 100 100 7
95 100 100 7
95 100 100 7
95 100 100 7
95 100 100 7
95 100 100 7
95 100 100 7
95 100 100 7
95 100 100 7
95 100 100 7
95 100 100 7
95 100 100 7
95 100 100 7
95 100 100 7
95 100 100 7
95 100 100 7
95 100 100 7
95 100 100 7
95 100 100 7
95 100 100 7
95 100 100 7
95 100 100 7
95 100 100 7
95 100 100 7
95 100 100 7
95 100 100 7
95 100 100 7
95 100 100 7
95 100 100 7
95 100 100 7
95 100 100 7
95 100 100 7
950 100 100 5
850 100 100 5
750 100 100 5
650 100 100 5
550 100 100 5
450 100 100 5
390 100 100 3
350 80 100 7
300 80 100 7
250 80 100 7
200 80 100 7
180 80 100 1
175 81 100 7
125 83 100 7
75 86 100 7
10 88 100 6
90 91 100 7
110 93 100 6
150 96 100 5
220 98 100 6
230 100 100 6
180 100 100 5
80 100 100 5
0 100 100 5
0 100 100 0
5 85 100 7
5 86 100 6
5 88 100 6
5 90 100 6
5 93 100 6
5 93 100 0
0 78 100 7
10 78 100 6
5 80 100 7
0 80 100 0
5 65 100 7
0 65 100 0
5 50 100 7
5 50 100 7
5 52 100 6
0 54 100 7
5 56 100 6
5 58 100 6
5 61 100 6
5 64 100 6
5 64 100 3
5 44 100 7
5 44 100 6
5 44 100 6
5 44 100 6
5 45 100 6
5 48 100 6
5 50 100 6
5 52 100 6
5 55 100 6
75 57 100 4
80 57 100 4
85 57 100 4
90 55 100 4
95 55 100 4
100 55 100 4
105 55 100 4
110 53 100 4
115 53 100 4
120 53 100 4
125 53 100 4
130 51 100 4
135 51 100 4
140 51 100 4
145 51 100 4
150 49 100 4
155 49 100 4
160 49 100 4
165 49 100 4
170 49 100 4
175 47 100 4
180 47 100 4
185 47 100 4
190 47 100 6
290 50 100 6
325 53 100 5
325 55 100 5
325 58 100 5
325 60 100 5
325 63 100 5
305 65 100 5
255 68 100 5
205 70 100 5
155 73 100 5
105 75 100 5
55 78 100 5
30 80 100 0
30 65 100 7
30 65 100 7
65 68 100 6
60 71 100 5
10 73 100 5
0 75 100 0
0 60 100 7
0 60 100 6
25 63 100 7
70 65 100 6
90 68 100 0
90 53 100 7
90 53 100 5
60 54 100 5
10 57 100 5
0 59 100 5
0 60 100 0
0 45 100 7
0 46 100 7
0 48 100 7
0 50 100 7
50 52 100 7
100 54 100 7
150 57 100 7
200 60 100 7
235 62 100 5
235 64 100 5
235 66 100 5
235 67 100 3
235 47 100 5
245 47 100 7
270 47 100 5
270 47 100 5
270 47 100 5
270 49 100 5
285 52 100 7
335 55 100 7
385 58 100 7
345 61 100 5
330 62 100 3
295 42 100 5
290 42 100 7
245 42 100 5
195 42 100 5
145 43 100 5
110 46 100 1
95 48 100 5
70 51 100 5
35 53 100 0
75 38 100 7
115 38 85 0
115 38 85 7
115 38 85 0
115 23 70 5
100 25 70 5
90 30 55 0
90 15 55 5
90 15 40 5
120 18 40 6
170 24 25 6
190 26 25 3
220 6 10 6
230 6 10 3
205 6 10 5
130 6 18 4
125 6 19 4
120 6 20 4
115 6 21 0
105 6 22 5
95 6 23 4
90 6 24 4
85 6 25 4
80 6 25 4
75 6 26 4
70 6 26 4
65 6 27 4
60 6 28 4
55 6 29 0
50 6 30 7
45 6 31 0
35 6 33 0
30 6 34 0
20 8 36 0
0 11 39 7
5 12 40 0
0 18 46 0
35 3 48 6
0 3 55 0
35 3 57 6
30 3 58 0
5 10 66 6
5 14 70 0
0 18 74 5
5 25 81 7
5 30 86 7
5 35 91 7
5 40 96 7
5 46 100 7
5 51 100 7
5 57 100 7
5 63 100 7
5 69 100 7
5 74 100 7
995 100 100 7
945 100 100 5
845 100 100 5
745 100 100 5
645 100 100 3
635 80 100 5
535 80 100 5
435 80 100 5
335 80 100 5
335 80 100 5
350 83 100 7
370 85 80 1
350 87 80 7
260 91 80 5
160 95 80 5
110 98 80 5
110 100 80 0
145 85 83 5
185 86 87 5
85 90 91 5
15 93 94 0
20 78 95 6
70 78 99 5
90 80 100 5
90 83 100 5
30 87 100 5
0 89 100 3
70 69 100 5
75 69 100 7
100 69 100 2
100 69 80 7
115 69 80 6
180 70 80 6
225 75 80 6
240 77 80 3
245 57 80 7
200 57 83 5
215 57 86 4
225 57 86 4
230 57 86 4
230 57 87 4
230 57 87 4
235 57 67 4
240 57 67 4
245 57 67 4
255 57 67 4
260 57 67 4
265 57 67 4
275 57 67 4
275 57 67 4
280 57 67 4
280 57 67 6
285 57 67 5
235 61 67 5
210 65 67 5
165 69 70 5
115 72 73 5
65 75 73 5
40 76 53 0
35 61 53 7
35 61 53 0
30 61 53 7
75 65 53 6
125 69 53 4
130 67 53 4
130 67 53 4
125 65 53 4
125 65 53 4
120 65 53 4
115 63 54 4
110 63 54 4
105 63 54 4
100 61 55 4
95 61 55 4
90 61 55 5
10 65 59 5
10 65 59 4
15 65 59 4
20 63 60 4
25 63 60 4
30 61 61 4
35 61 61 4
40 61 61 4
45 59 62 4
50 59 62 4
55 59 62 4
60 57 63 4
65 57 63 4
70 55 64 5
90 59 56 6
95 60 54 0
95 45 48 7
105 45 42 6
155 48 36 6
205 52 28 6
205 56 20 5
155 59 14 5
105 63 6 5
80 67 1 0
85 52 2 7
135 52 5 7
150 52 6 0
175 55 9 5
175 59 13 5
175 62 16 5
175 65 19 5
135 69 23 3
135 49 23 5
35 49 26 5
5 49 29 6
25 49 9 5
25 49 9 5
25 51 9 5
25 55 9 5
25 56 9 0
100 41 11 7
155 42 15 6
255 47 20 6
265 50 0 5
265 54 0 5
265 57 0 3
265 37 0 5
310 37 0 7
325 37 3 5
325 37 5 5
325 37 9 5
325 40 12 5
315 44 16 5
265 47 19 5
215 50 0 5
165 53 0 5
115 57 0 5
65 60 0 5
45 62 0 0
45 47 2 7
50 48 5 6
100 51 8 6
135 54 11 3
150 34 12 6
170 34 15 6
220 34 19 6
270 34 0 6
290 34 0 3
290 34 0 7
290 36 0 1
290 37 0 7
260 41 0 6
310 45 2 6
360 49 6 6
410 53 10 6
460 56 13 6
480 58 15 3
510 38 18 6
560 38 0 6
610 38 0 6
660 38 0 6
710 39 0 6
720 42 0 5
670 46 4 5
625 48 6 3
620 28 7 5
570 28 10 5
520 28 14 5
470 28 18 5
420 28 21 5
380 28 22 3
360 8 24 5
320 8 28 5
220 8 33 5
120 8 37 5
50 8 40 0
35 9 41 7
35 13 45 5
5 17 49 0
45 2 34 7
45 2 34 7
45 4 19 7
90 8 19 6
120 12 2 6
220 15 2 6
240 19 2 5
215 22 2 5
165 26 2 5
115 31 6 5
65 35 10 5
45 36 11 0
45 21 13 7
50 21 17 6
100 25 0 6
110 26 0 3
150 6 0 6
180 6 0 3
185 6 0 7
185 6 0 7
185 6 0 1
185 6 1 7
200 9 5 6
250 12 8 6
300 16 12 6
350 20 16 6
360 23 19 5
345 24 0 3
315 4 0 1
310 4 0 5
305 4 0 7
305 4 0 2
295 4 0 7
275 4 0 5
235 6 2 5
170 10 6 5
100 13 9 5
60 17 13 5
40 18 14 0
70 3 16 7
55 3 20 7
65 7 24 7
55 11 28 7
40 14 31 0
35 15 32 7
45 17 13 0
50 2 13 7
40 2 13 0
30 2 13 7
20 4 13 0
20 5 13 7
50 9 13 6
65 13 13 6
85 15 15 3
105 17 17 6
170 20 3 6
190 24 3 6
290 27 6 6
350 31 10 7
350 34 13 7
350 37 16 7
350 40 19 7
350 43 0 7
350 46 0 7
350 48 0 7
350 51 0 7
350 55 2 7
350 58 5 7
350 61 8 7
350 64 11 7
350 67 14 7
350 69 16 7
350 72 19 7
350 75 0 7
350 77 0 7
350 80 0 7
350 82 0 7
350 85 1 7
350 88 4 7
350 90 6 7
350 94 10 7
350 97 13 7
350 99 15 7
350 100 18 7
330 100 20 7
280 100 23 7
230 100 25 7
180 100 28 7
130 100 31 7
170 100 34 7
180 100 36 7
130 100 39 7
80 100 42 7
30 100 45 7
20 100 48 7
70 100 52 7
120 100 56 7
125 100 42 7
125 100 44 7
125 100 49 7
125 100 50 7
125 100 40 7
125 100 34 7
125 100 24 7
125 100 14 7
125 100 2 7
165 100 5 7
215 100 11 7
265 100 18 7
275 100 22 7
225 100 26 7
175 100 29 7
125 100 33 7
75 100 37 7
25 100 41 7
25 100 44 7
75 100 48 7
95 100 35 7
95 100 35 7
95 100 40 7
95 100 45 7
75 100 52 7
25 100 57 7
5 100 61 7
45 100 64 7
95 100 67 7
145 100 69 7
150 100 54 7
150 100 55 7
150 100 58 7
150 100 45 7
150 100 45 7
105 100 48 7
55 100 52 7
5 100 55 7
45 100 58 7
75 100 45 7
75 100 45 7
75 100 30 7
75 100 31 7
75 100 34 7
75 100 37 7
75 100 41 7
75 100 29 7
75 100 29 7
75 100 32 7
75 100 36 7
75 100 39 7
75 100 42 7
75 100 29 7
75 100 29 7
75 100 31 7
75 100 34 7
75 100 37 7
75 100 39 7
75 100 42 7
75 100 29 7
75 100 29 7
75 100 31 7
75 100 33 7
75 100 36 7
75 100 40 7
75 100 42 7
75 100 29 7
75 100 29 7
75 100 31 7
75 100 34 7
75 100 38 7
75 100 41 7
75 100 43 7
75 100 28 7
75 100 29 7
75 100 32 7
75 100 35 7
75 100 37 7
75 100 40 7
75 100 43 7
75 100 28 7
75 100 29 7
75 100 32 7
75 100 35 7
75 100 37 7
75 100 40 7
75 100 43 7
75 100 28 7
75 100 29 7
75 100 31 7
75 100 34 7
75 100 37 7
75 100 39 7
75 100 41 7
75 100 28 7
75 100 28 7
75 100 30 7
75 100 32 7
75 100 34 7
75 100 37 7
75 100 40 7
75 100 42 7
75 100 29 7
75 100 29 7
75 100 32 7
75 100 34 7
75 100 37 7
75 100 39 7
75 100 41 7
75 100 28 7
75 100 28 7
75 100 31 7
75 100 33 7
75 100 36 7
75 100 39 7
75 100 41 7
75 100 28 7
75 100 28 7
75 100 30 7
75 100 32 7
75 100 35 7
75 100 37 7
75 100 40 7
75 100 42 7
